id,student_id,lesson_id,lesson_date,gpa,commute_time,works,dorm,motivation,discipline,anxiety,burnout,extraversion,deadlines_count,avg_attendance_last4,prev_absence,weekday,time_slot,duration,early_class,friends_mean_attendance,fairness,clarity,sympathy,fear,usefulness,target
1,1,3,2026-03-27,3.80,40,f,t,0.75,0.80,0.40,0.30,0.60,0,0.77,1,Wednesday,12:00,90,0,0.88,0.55,0.73,0.88,0.69,0.46,1
2,1,2,2026-03-22,3.80,40,f,t,0.75,0.80,0.40,0.30,0.60,1,0.46,0,Tuesday,10:15,90,0,0.73,0.52,0.63,0.90,0.73,0.88,1
3,1,1,2026-02-25,3.80,40,f,t,0.75,0.80,0.40,0.30,0.60,1,0.75,1,Monday,08:30,90,1,0.54,0.63,0.80,0.31,0.42,0.97,0
4,2,3,2026-03-28,3.20,70,t,f,0.50,0.60,0.55,0.65,0.45,2,0.88,1,Wednesday,12:00,90,0,0.79,0.82,0.77,0.98,0.51,0.42,1
5,2,2,2026-04-01,3.20,70,t,f,0.50,0.60,0.55,0.65,0.45,4,0.60,0,Tuesday,10:15,90,0,0.87,0.51,0.83,0.88,0.34,0.85,1
6,2,1,2026-02-04,3.20,70,t,f,0.50,0.60,0.55,0.65,0.45,5,0.88,0,Monday,08:30,90,1,0.81,0.53,0.77,0.58,0.51,0.43,0
7,3,3,2026-03-06,4.50,20,f,t,0.90,0.85,0.20,0.25,0.70,4,0.86,0,Wednesday,12:00,90,0,0.57,0.59,0.48,0.45,0.74,0.55,1
8,3,2,2026-02-23,4.50,20,f,t,0.90,0.85,0.20,0.25,0.70,3,0.88,0,Tuesday,10:15,90,0,0.80,0.93,0.48,0.38,0.52,0.43,1
9,3,1,2026-02-27,4.50,20,f,t,0.90,0.85,0.20,0.25,0.70,2,0.87,0,Monday,08:30,90,1,0.67,0.61,0.58,0.32,0.56,0.96,1
10,4,3,2026-02-13,2.90,90,t,f,0.40,0.50,0.70,0.80,0.35,4,0.67,1,Wednesday,12:00,90,0,0.75,0.52,0.62,0.49,0.02,0.58,1
11,4,2,2026-03-31,2.90,90,t,f,0.40,0.50,0.70,0.80,0.35,3,0.52,1,Tuesday,10:15,90,0,0.52,0.94,0.69,0.67,0.33,0.54,1
12,4,1,2026-03-09,2.90,90,t,f,0.40,0.50,0.70,0.80,0.35,4,0.98,0,Monday,08:30,90,1,0.57,0.97,0.48,0.37,0.32,0.89,0
13,5,3,2026-03-07,4.20,30,f,t,0.85,0.90,0.30,0.20,0.65,2,0.88,1,Wednesday,12:00,90,0,0.83,0.74,0.43,0.37,0.68,0.91,1
14,5,2,2026-04-01,4.20,30,f,t,0.85,0.90,0.30,0.20,0.65,5,0.94,0,Tuesday,10:15,90,0,0.70,0.50,0.53,0.73,0.12,0.92,1
15,5,1,2026-02-13,4.20,30,f,t,0.85,0.90,0.30,0.20,0.65,1,0.60,0,Monday,08:30,90,1,0.84,0.71,0.51,0.58,0.17,0.59,1
16,1,3,2026-02-19,3.80,40,f,t,0.75,0.80,0.40,0.30,0.60,1,0.56,0,Wednesday,12:00,90,0,0.56,0.55,0.73,0.88,0.69,0.46,1
17,1,2,2026-02-03,3.80,40,f,t,0.75,0.80,0.40,0.30,0.60,3,0.85,0,Tuesday,10:15,90,0,0.67,0.52,0.63,0.90,0.73,0.88,1
18,1,1,2026-02-21,3.80,40,f,t,0.75,0.80,0.40,0.30,0.60,4,0.64,1,Monday,08:30,90,1,0.78,0.63,0.80,0.31,0.42,0.97,1
19,2,3,2026-03-28,3.20,70,t,f,0.50,0.60,0.55,0.65,0.45,5,0.94,1,Wednesday,12:00,90,0,0.71,0.82,0.77,0.98,0.51,0.42,0
20,2,2,2026-03-14,3.20,70,t,f,0.50,0.60,0.55,0.65,0.45,1,0.92,0,Tuesday,10:15,90,0,0.71,0.51,0.83,0.88,0.34,0.85,1
21,2,1,2026-02-13,3.20,70,t,f,0.50,0.60,0.55,0.65,0.45,3,0.65,1,Monday,08:30,90,1,0.78,0.53,0.77,0.58,0.51,0.43,0
22,3,3,2026-03-07,4.50,20,f,t,0.90,0.85,0.20,0.25,0.70,1,0.67,0,Wednesday,12:00,90,0,0.83,0.59,0.48,0.45,0.74,0.55,1
23,3,2,2026-04-01,4.50,20,f,t,0.90,0.85,0.20,0.25,0.70,1,0.45,0,Tuesday,10:15,90,0,0.72,0.93,0.48,0.38,0.52,0.43,1
24,3,1,2026-03-01,4.50,20,f,t,0.90,0.85,0.20,0.25,0.70,3,0.88,0,Monday,08:30,90,1,0.65,0.61,0.58,0.32,0.56,0.96,1
25,4,3,2026-03-12,2.90,90,t,f,0.40,0.50,0.70,0.80,0.35,2,0.58,0,Wednesday,12:00,90,0,0.86,0.52,0.62,0.49,0.02,0.58,1
26,4,2,2026-03-27,2.90,90,t,f,0.40,0.50,0.70,0.80,0.35,3,0.83,0,Tuesday,10:15,90,0,0.72,0.94,0.69,0.67,0.33,0.54,1
27,4,1,2026-03-23,2.90,90,t,f,0.40,0.50,0.70,0.80,0.35,4,0.90,1,Monday,08:30,90,1,0.84,0.97,0.48,0.37,0.32,0.89,0
28,5,3,2026-03-30,4.20,30,f,t,0.85,0.90,0.30,0.20,0.65,3,0.85,0,Wednesday,12:00,90,0,0.77,0.74,0.43,0.37,0.68,0.91,1
29,5,2,2026-03-26,4.20,30,f,t,0.85,0.90,0.30,0.20,0.65,1,0.94,0,Tuesday,10:15,90,0,0.85,0.50,0.53,0.73,0.12,0.92,1
30,5,1,2026-02-11,4.20,30,f,t,0.85,0.90,0.30,0.20,0.65,0,0.95,0,Monday,08:30,90,1,0.72,0.71,0.51,0.58,0.17,0.59,1
31,1,3,2026-03-19,3.80,40,f,t,0.75,0.80,0.40,0.30,0.60,1,0.42,0,Wednesday,12:00,90,0,0.75,0.55,0.73,0.88,0.69,0.46,1
32,1,2,2026-03-31,3.80,40,f,t,0.75,0.80,0.40,0.30,0.60,2,0.93,0,Tuesday,10:15,90,0,0.74,0.52,0.63,0.90,0.73,0.88,0
33,1,1,2026-02-11,3.80,40,f,t,0.75,0.80,0.40,0.30,0.60,2,0.66,1,Monday,08:30,90,1,0.60,0.63,0.80,0.31,0.42,0.97,0
34,2,3,2026-02-23,3.20,70,t,f,0.50,0.60,0.55,0.65,0.45,4,0.57,0,Wednesday,12:00,90,0,0.80,0.82,0.77,0.98,0.51,0.42,1
35,2,2,2026-03-16,3.20,70,t,f,0.50,0.60,0.55,0.65,0.45,4,0.87,1,Tuesday,10:15,90,0,0.59,0.51,0.83,0.88,0.34,0.85,0
36,2,1,2026-03-29,3.20,70,t,f,0.50,0.60,0.55,0.65,0.45,4,0.72,0,Monday,08:30,90,1,0.60,0.53,0.77,0.58,0.51,0.43,1
37,3,3,2026-03-07,4.50,20,f,t,0.90,0.85,0.20,0.25,0.70,4,0.67,1,Wednesday,12:00,90,0,0.64,0.59,0.48,0.45,0.74,0.55,1
38,3,2,2026-03-11,4.50,20,f,t,0.90,0.85,0.20,0.25,0.70,2,0.84,0,Tuesday,10:15,90,0,0.72,0.93,0.48,0.38,0.52,0.43,1
39,3,1,2026-02-09,4.50,20,f,t,0.90,0.85,0.20,0.25,0.70,1,0.57,1,Monday,08:30,90,1,0.74,0.61,0.58,0.32,0.56,0.96,1
40,4,3,2026-02-09,2.90,90,t,f,0.40,0.50,0.70,0.80,0.35,1,0.50,0,Wednesday,12:00,90,0,0.66,0.52,0.62,0.49,0.02,0.58,1
41,4,2,2026-03-25,2.90,90,t,f,0.40,0.50,0.70,0.80,0.35,1,0.66,0,Tuesday,10:15,90,0,0.64,0.94,0.69,0.67,0.33,0.54,0
42,4,1,2026-03-15,2.90,90,t,f,0.40,0.50,0.70,0.80,0.35,5,0.41,0,Monday,08:30,90,1,0.65,0.97,0.48,0.37,0.32,0.89,0
43,5,3,2026-03-04,4.20,30,f,t,0.85,0.90,0.30,0.20,0.65,3,0.48,0,Wednesday,12:00,90,0,0.74,0.74,0.43,0.37,0.68,0.91,1
44,5,2,2026-03-31,4.20,30,f,t,0.85,0.90,0.30,0.20,0.65,2,0.69,0,Tuesday,10:15,90,0,0.56,0.50,0.53,0.73,0.12,0.92,1
45,5,1,2026-02-09,4.20,30,f,t,0.85,0.90,0.30,0.20,0.65,2,0.68,0,Monday,08:30,90,1,0.78,0.71,0.51,0.58,0.17,0.59,1
46,1,3,2026-02-04,3.80,40,f,t,0.75,0.80,0.40,0.30,0.60,3,0.70,0,Wednesday,12:00,90,0,0.78,0.55,0.73,0.88,0.69,0.46,1
47,1,2,2026-02-23,3.80,40,f,t,0.75,0.80,0.40,0.30,0.60,5,0.56,0,Tuesday,10:15,90,0,0.69,0.52,0.63,0.90,0.73,0.88,1
48,1,1,2026-02-01,3.80,40,f,t,0.75,0.80,0.40,0.30,0.60,3,0.66,1,Monday,08:30,90,1,0.55,0.63,0.80,0.31,0.42,0.97,1
49,2,3,2026-03-13,3.20,70,t,f,0.50,0.60,0.55,0.65,0.45,4,0.71,0,Wednesday,12:00,90,0,0.77,0.82,0.77,0.98,0.51,0.42,0
50,2,2,2026-03-27,3.20,70,t,f,0.50,0.60,0.55,0.65,0.45,1,0.43,0,Tuesday,10:15,90,0,0.81,0.51,0.83,0.88,0.34,0.85,0
51,2,1,2026-03-23,3.20,70,t,f,0.50,0.60,0.55,0.65,0.45,1,0.55,1,Monday,08:30,90,1,0.66,0.53,0.77,0.58,0.51,0.43,1
52,3,3,2026-03-01,4.50,20,f,t,0.90,0.85,0.20,0.25,0.70,1,0.76,0,Wednesday,12:00,90,0,0.68,0.59,0.48,0.45,0.74,0.55,1
53,3,2,2026-02-12,4.50,20,f,t,0.90,0.85,0.20,0.25,0.70,4,0.42,0,Tuesday,10:15,90,0,0.57,0.93,0.48,0.38,0.52,0.43,1
54,3,1,2026-02-13,4.50,20,f,t,0.90,0.85,0.20,0.25,0.70,3,0.58,0,Monday,08:30,90,1,0.71,0.61,0.58,0.32,0.56,0.96,1
55,4,3,2026-03-31,2.90,90,t,f,0.40,0.50,0.70,0.80,0.35,3,0.91,1,Wednesday,12:00,90,0,0.84,0.52,0.62,0.49,0.02,0.58,1
56,4,2,2026-03-03,2.90,90,t,f,0.40,0.50,0.70,0.80,0.35,5,0.60,1,Tuesday,10:15,90,0,0.70,0.94,0.69,0.67,0.33,0.54,1
57,4,1,2026-03-30,2.90,90,t,f,0.40,0.50,0.70,0.80,0.35,5,0.61,0,Monday,08:30,90,1,0.69,0.97,0.48,0.37,0.32,0.89,0
58,5,3,2026-03-27,4.20,30,f,t,0.85,0.90,0.30,0.20,0.65,3,0.94,0,Wednesday,12:00,90,0,0.56,0.74,0.43,0.37,0.68,0.91,1
59,5,2,2026-03-17,4.20,30,f,t,0.85,0.90,0.30,0.20,0.65,0,0.88,0,Tuesday,10:15,90,0,0.66,0.50,0.53,0.73,0.12,0.92,1
60,5,1,2026-02-19,4.20,30,f,t,0.85,0.90,0.30,0.20,0.65,2,0.40,0,Monday,08:30,90,1,0.68,0.71,0.51,0.58,0.17,0.59,1
61,1,3,2026-02-05,3.80,40,f,t,0.75,0.80,0.40,0.30,0.60,3,0.88,0,Wednesday,12:00,90,0,0.53,0.55,0.73,0.88,0.69,0.46,1
62,1,2,2026-02-04,3.80,40,f,t,0.75,0.80,0.40,0.30,0.60,2,0.99,1,Tuesday,10:15,90,0,0.78,0.52,0.63,0.90,0.73,0.88,1
63,1,1,2026-02-25,3.80,40,f,t,0.75,0.80,0.40,0.30,0.60,2,0.94,0,Monday,08:30,90,1,0.59,0.63,0.80,0.31,0.42,0.97,1
64,2,3,2026-03-28,3.20,70,t,f,0.50,0.60,0.55,0.65,0.45,3,0.75,1,Wednesday,12:00,90,0,0.75,0.82,0.77,0.98,0.51,0.42,0
65,2,2,2026-02-25,3.20,70,t,f,0.50,0.60,0.55,0.65,0.45,2,0.82,0,Tuesday,10:15,90,0,0.75,0.51,0.83,0.88,0.34,0.85,0
66,2,1,2026-02-23,3.20,70,t,f,0.50,0.60,0.55,0.65,0.45,3,0.96,1,Monday,08:30,90,1,0.54,0.53,0.77,0.58,0.51,0.43,0
67,3,3,2026-02-23,4.50,20,f,t,0.90,0.85,0.20,0.25,0.70,5,0.83,1,Wednesday,12:00,90,0,0.53,0.59,0.48,0.45,0.74,0.55,1
68,3,2,2026-02-21,4.50,20,f,t,0.90,0.85,0.20,0.25,0.70,3,0.88,0,Tuesday,10:15,90,0,0.73,0.93,0.48,0.38,0.52,0.43,1
69,3,1,2026-03-10,4.50,20,f,t,0.90,0.85,0.20,0.25,0.70,5,0.64,0,Monday,08:30,90,1,0.50,0.61,0.58,0.32,0.56,0.96,1
70,4,3,2026-03-16,2.90,90,t,f,0.40,0.50,0.70,0.80,0.35,2,0.54,0,Wednesday,12:00,90,0,0.65,0.52,0.62,0.49,0.02,0.58,1
71,4,2,2026-03-14,2.90,90,t,f,0.40,0.50,0.70,0.80,0.35,5,0.42,0,Tuesday,10:15,90,0,0.88,0.94,0.69,0.67,0.33,0.54,0
72,4,1,2026-03-25,2.90,90,t,f,0.40,0.50,0.70,0.80,0.35,2,1.00,1,Monday,08:30,90,1,0.84,0.97,0.48,0.37,0.32,0.89,0
73,5,3,2026-02-13,4.20,30,f,t,0.85,0.90,0.30,0.20,0.65,4,0.66,0,Wednesday,12:00,90,0,0.86,0.74,0.43,0.37,0.68,0.91,1
74,5,2,2026-02-17,4.20,30,f,t,0.85,0.90,0.30,0.20,0.65,5,0.91,0,Tuesday,10:15,90,0,0.52,0.50,0.53,0.73,0.12,0.92,1
75,5,1,2026-02-26,4.20,30,f,t,0.85,0.90,0.30,0.20,0.65,3,0.84,0,Monday,08:30,90,1,0.75,0.71,0.51,0.58,0.17,0.59,1
76,1,3,2026-02-09,3.80,40,f,t,0.75,0.80,0.40,0.30,0.60,3,0.62,0,Wednesday,12:00,90,0,0.74,0.55,0.73,0.88,0.69,0.46,1
77,1,2,2026-02-18,3.80,40,f,t,0.75,0.80,0.40,0.30,0.60,3,0.46,1,Tuesday,10:15,90,0,0.62,0.52,0.63,0.90,0.73,0.88,1
78,1,1,2026-02-19,3.80,40,f,t,0.75,0.80,0.40,0.30,0.60,2,0.87,0,Monday,08:30,90,1,0.63,0.63,0.80,0.31,0.42,0.97,0
79,2,3,2026-03-31,3.20,70,t,f,0.50,0.60,0.55,0.65,0.45,2,0.47,1,Wednesday,12:00,90,0,0.72,0.82,0.77,0.98,0.51,0.42,1
80,2,2,2026-02-07,3.20,70,t,f,0.50,0.60,0.55,0.65,0.45,4,0.71,0,Tuesday,10:15,90,0,0.88,0.51,0.83,0.88,0.34,0.85,1
81,2,1,2026-03-01,3.20,70,t,f,0.50,0.60,0.55,0.65,0.45,2,0.74,0,Monday,08:30,90,1,0.58,0.53,0.77,0.58,0.51,0.43,0
82,3,3,2026-03-21,4.50,20,f,t,0.90,0.85,0.20,0.25,0.70,2,0.74,1,Wednesday,12:00,90,0,0.72,0.59,0.48,0.45,0.74,0.55,1
83,3,2,2026-02-06,4.50,20,f,t,0.90,0.85,0.20,0.25,0.70,1,0.57,0,Tuesday,10:15,90,0,0.77,0.93,0.48,0.38,0.52,0.43,1
84,3,1,2026-03-08,4.50,20,f,t,0.90,0.85,0.20,0.25,0.70,1,0.71,0,Monday,08:30,90,1,0.80,0.61,0.58,0.32,0.56,0.96,0
85,4,3,2026-03-26,2.90,90,t,f,0.40,0.50,0.70,0.80,0.35,5,0.65,1,Wednesday,12:00,90,0,0.84,0.52,0.62,0.49,0.02,0.58,1
86,4,2,2026-02-17,2.90,90,t,f,0.40,0.50,0.70,0.80,0.35,5,0.49,0,Tuesday,10:15,90,0,0.56,0.94,0.69,0.67,0.33,0.54,0
87,4,1,2026-02-12,2.90,90,t,f,0.40,0.50,0.70,0.80,0.35,2,0.84,0,Monday,08:30,90,1,0.79,0.97,0.48,0.37,0.32,0.89,0
88,5,3,2026-03-07,4.20,30,f,t,0.85,0.90,0.30,0.20,0.65,0,0.81,1,Wednesday,12:00,90,0,0.56,0.74,0.43,0.37,0.68,0.91,1
89,5,2,2026-02-14,4.20,30,f,t,0.85,0.90,0.30,0.20,0.65,0,0.47,1,Tuesday,10:15,90,0,0.72,0.50,0.53,0.73,0.12,0.92,1
90,5,1,2026-03-04,4.20,30,f,t,0.85,0.90,0.30,0.20,0.65,4,0.48,1,Monday,08:30,90,1,0.78,0.71,0.51,0.58,0.17,0.59,1
91,1,3,2026-03-23,3.80,40,f,t,0.75,0.80,0.40,0.30,0.60,4,0.54,1,Wednesday,12:00,90,0,0.74,0.55,0.73,0.88,0.69,0.46,1
92,1,2,2026-02-07,3.80,40,f,t,0.75,0.80,0.40,0.30,0.60,4,0.70,1,Tuesday,10:15,90,0,0.82,0.52,0.63,0.90,0.73,0.88,1
93,1,1,2026-02-24,3.80,40,f,t,0.75,0.80,0.40,0.30,0.60,1,0.42,0,Monday,08:30,90,1,0.52,0.63,0.80,0.31,0.42,0.97,0
94,2,3,2026-02-14,3.20,70,t,f,0.50,0.60,0.55,0.65,0.45,3,0.84,1,Wednesday,12:00,90,0,0.54,0.82,0.77,0.98,0.51,0.42,1
95,2,2,2026-02-05,3.20,70,t,f,0.50,0.60,0.55,0.65,0.45,1,0.86,1,Tuesday,10:15,90,0,0.53,0.51,0.83,0.88,0.34,0.85,1
96,2,1,2026-03-12,3.20,70,t,f,0.50,0.60,0.55,0.65,0.45,2,0.54,1,Monday,08:30,90,1,0.82,0.53,0.77,0.58,0.51,0.43,0
97,3,3,2026-04-01,4.50,20,f,t,0.90,0.85,0.20,0.25,0.70,1,0.92,0,Wednesday,12:00,90,0,0.77,0.59,0.48,0.45,0.74,0.55,1
98,3,2,2026-03-18,4.50,20,f,t,0.90,0.85,0.20,0.25,0.70,3,0.65,0,Tuesday,10:15,90,0,0.89,0.93,0.48,0.38,0.52,0.43,1
99,3,1,2026-02-21,4.50,20,f,t,0.90,0.85,0.20,0.25,0.70,1,0.45,0,Monday,08:30,90,1,0.52,0.61,0.58,0.32,0.56,0.96,1
100,4,3,2026-02-07,2.90,90,t,f,0.40,0.50,0.70,0.80,0.35,3,0.74,0,Wednesday,12:00,90,0,0.88,0.52,0.62,0.49,0.02,0.58,0
101,4,2,2026-02-06,2.90,90,t,f,0.40,0.50,0.70,0.80,0.35,1,0.92,0,Tuesday,10:15,90,0,0.57,0.94,0.69,0.67,0.33,0.54,0
102,4,1,2026-02-15,2.90,90,t,f,0.40,0.50,0.70,0.80,0.35,4,0.80,0,Monday,08:30,90,1,0.51,0.97,0.48,0.37,0.32,0.89,1
103,5,3,2026-03-26,4.20,30,f,t,0.85,0.90,0.30,0.20,0.65,2,0.47,0,Wednesday,12:00,90,0,0.65,0.74,0.43,0.37,0.68,0.91,1
104,5,2,2026-02-11,4.20,30,f,t,0.85,0.90,0.30,0.20,0.65,3,0.73,1,Tuesday,10:15,90,0,0.61,0.50,0.53,0.73,0.12,0.92,1
105,5,1,2026-02-18,4.20,30,f,t,0.85,0.90,0.30,0.20,0.65,5,0.80,0,Monday,08:30,90,1,0.70,0.71,0.51,0.58,0.17,0.59,0
106,1,3,2026-02-10,3.80,40,f,t,0.75,0.80,0.40,0.30,0.60,2,0.76,1,Wednesday,12:00,90,0,0.54,0.55,0.73,0.88,0.69,0.46,1
107,1,2,2026-03-20,3.80,40,f,t,0.75,0.80,0.40,0.30,0.60,1,0.81,1,Tuesday,10:15,90,0,0.64,0.52,0.63,0.90,0.73,0.88,1
108,1,1,2026-02-18,3.80,40,f,t,0.75,0.80,0.40,0.30,0.60,2,0.49,1,Monday,08:30,90,1,0.73,0.63,0.80,0.31,0.42,0.97,0
109,2,3,2026-03-26,3.20,70,t,f,0.50,0.60,0.55,0.65,0.45,4,0.41,1,Wednesday,12:00,90,0,0.69,0.82,0.77,0.98,0.51,0.42,1
110,2,2,2026-02-13,3.20,70,t,f,0.50,0.60,0.55,0.65,0.45,2,0.50,1,Tuesday,10:15,90,0,0.75,0.51,0.83,0.88,0.34,0.85,1
111,2,1,2026-03-05,3.20,70,t,f,0.50,0.60,0.55,0.65,0.45,4,0.60,0,Monday,08:30,90,1,0.67,0.53,0.77,0.58,0.51,0.43,0
112,3,3,2026-02-24,4.50,20,f,t,0.90,0.85,0.20,0.25,0.70,0,0.48,1,Wednesday,12:00,90,0,0.60,0.59,0.48,0.45,0.74,0.55,1
113,3,2,2026-03-29,4.50,20,f,t,0.90,0.85,0.20,0.25,0.70,2,0.96,0,Tuesday,10:15,90,0,0.88,0.93,0.48,0.38,0.52,0.43,0
114,3,1,2026-02-24,4.50,20,f,t,0.90,0.85,0.20,0.25,0.70,1,0.94,1,Monday,08:30,90,1,0.65,0.61,0.58,0.32,0.56,0.96,1
115,4,3,2026-02-08,2.90,90,t,f,0.40,0.50,0.70,0.80,0.35,3,0.66,1,Wednesday,12:00,90,0,0.70,0.52,0.62,0.49,0.02,0.58,0
116,4,2,2026-03-08,2.90,90,t,f,0.40,0.50,0.70,0.80,0.35,5,0.68,0,Tuesday,10:15,90,0,0.68,0.94,0.69,0.67,0.33,0.54,0
117,4,1,2026-02-04,2.90,90,t,f,0.40,0.50,0.70,0.80,0.35,2,0.66,0,Monday,08:30,90,1,0.66,0.97,0.48,0.37,0.32,0.89,1
118,5,3,2026-02-27,4.20,30,f,t,0.85,0.90,0.30,0.20,0.65,2,0.84,0,Wednesday,12:00,90,0,0.55,0.74,0.43,0.37,0.68,0.91,1
119,5,2,2026-02-12,4.20,30,f,t,0.85,0.90,0.30,0.20,0.65,0,0.73,1,Tuesday,10:15,90,0,0.81,0.50,0.53,0.73,0.12,0.92,1
120,5,1,2026-02-24,4.20,30,f,t,0.85,0.90,0.30,0.20,0.65,3,0.59,0,Monday,08:30,90,1,0.75,0.71,0.51,0.58,0.17,0.59,1
121,1,3,2026-02-08,3.80,40,f,t,0.75,0.80,0.40,0.30,0.60,1,0.65,0,Wednesday,12:00,90,0,0.62,0.55,0.73,0.88,0.69,0.46,1
122,1,2,2026-02-28,3.80,40,f,t,0.75,0.80,0.40,0.30,0.60,3,0.72,0,Tuesday,10:15,90,0,0.62,0.52,0.63,0.90,0.73,0.88,1
123,1,1,2026-02-21,3.80,40,f,t,0.75,0.80,0.40,0.30,0.60,0,0.47,0,Monday,08:30,90,1,0.59,0.63,0.80,0.31,0.42,0.97,1
124,2,3,2026-02-15,3.20,70,t,f,0.50,0.60,0.55,0.65,0.45,1,0.45,1,Wednesday,12:00,90,0,0.83,0.82,0.77,0.98,0.51,0.42,0
125,2,2,2026-03-15,3.20,70,t,f,0.50,0.60,0.55,0.65,0.45,1,0.94,0,Tuesday,10:15,90,0,0.50,0.51,0.83,0.88,0.34,0.85,0
126,2,1,2026-02-06,3.20,70,t,f,0.50,0.60,0.55,0.65,0.45,1,0.43,0,Monday,08:30,90,1,0.64,0.53,0.77,0.58,0.51,0.43,1
127,3,3,2026-02-14,4.50,20,f,t,0.90,0.85,0.20,0.25,0.70,3,0.49,0,Wednesday,12:00,90,0,0.71,0.59,0.48,0.45,0.74,0.55,1
128,3,2,2026-03-03,4.50,20,f,t,0.90,0.85,0.20,0.25,0.70,4,0.67,0,Tuesday,10:15,90,0,0.82,0.93,0.48,0.38,0.52,0.43,1
129,3,1,2026-02-26,4.50,20,f,t,0.90,0.85,0.20,0.25,0.70,2,0.82,0,Monday,08:30,90,1,0.80,0.61,0.58,0.32,0.56,0.96,1
130,4,3,2026-03-07,2.90,90,t,f,0.40,0.50,0.70,0.80,0.35,1,0.52,0,Wednesday,12:00,90,0,0.59,0.52,0.62,0.49,0.02,0.58,0
131,4,2,2026-03-13,2.90,90,t,f,0.40,0.50,0.70,0.80,0.35,1,0.59,0,Tuesday,10:15,90,0,0.53,0.94,0.69,0.67,0.33,0.54,0
132,4,1,2026-02-04,2.90,90,t,f,0.40,0.50,0.70,0.80,0.35,2,0.99,0,Monday,08:30,90,1,0.54,0.97,0.48,0.37,0.32,0.89,1
133,5,3,2026-03-14,4.20,30,f,t,0.85,0.90,0.30,0.20,0.65,3,0.70,1,Wednesday,12:00,90,0,0.56,0.74,0.43,0.37,0.68,0.91,1
134,5,2,2026-03-06,4.20,30,f,t,0.85,0.90,0.30,0.20,0.65,5,0.85,1,Tuesday,10:15,90,0,0.80,0.50,0.53,0.73,0.12,0.92,1
135,5,1,2026-03-23,4.20,30,f,t,0.85,0.90,0.30,0.20,0.65,4,0.72,0,Monday,08:30,90,1,0.55,0.71,0.51,0.58,0.17,0.59,1
136,1,3,2026-03-28,3.80,40,f,t,0.75,0.80,0.40,0.30,0.60,3,0.46,0,Wednesday,12:00,90,0,0.70,0.55,0.73,0.88,0.69,0.46,1
137,1,2,2026-03-31,3.80,40,f,t,0.75,0.80,0.40,0.30,0.60,4,0.55,0,Tuesday,10:15,90,0,0.68,0.52,0.63,0.90,0.73,0.88,1
138,1,1,2026-03-23,3.80,40,f,t,0.75,0.80,0.40,0.30,0.60,5,0.87,0,Monday,08:30,90,1,0.85,0.63,0.80,0.31,0.42,0.97,1
139,2,3,2026-03-25,3.20,70,t,f,0.50,0.60,0.55,0.65,0.45,3,0.74,0,Wednesday,12:00,90,0,0.88,0.82,0.77,0.98,0.51,0.42,1
140,2,2,2026-02-02,3.20,70,t,f,0.50,0.60,0.55,0.65,0.45,3,0.78,1,Tuesday,10:15,90,0,0.84,0.51,0.83,0.88,0.34,0.85,0
141,2,1,2026-02-18,3.20,70,t,f,0.50,0.60,0.55,0.65,0.45,1,0.84,0,Monday,08:30,90,1,0.77,0.53,0.77,0.58,0.51,0.43,0
142,3,3,2026-02-28,4.50,20,f,t,0.90,0.85,0.20,0.25,0.70,2,0.71,1,Wednesday,12:00,90,0,0.59,0.59,0.48,0.45,0.74,0.55,1
143,3,2,2026-03-20,4.50,20,f,t,0.90,0.85,0.20,0.25,0.70,1,0.95,0,Tuesday,10:15,90,0,0.88,0.93,0.48,0.38,0.52,0.43,1
144,3,1,2026-02-24,4.50,20,f,t,0.90,0.85,0.20,0.25,0.70,1,0.91,0,Monday,08:30,90,1,0.76,0.61,0.58,0.32,0.56,0.96,1
145,4,3,2026-02-22,2.90,90,t,f,0.40,0.50,0.70,0.80,0.35,2,0.93,1,Wednesday,12:00,90,0,0.65,0.52,0.62,0.49,0.02,0.58,0
146,4,2,2026-03-29,2.90,90,t,f,0.40,0.50,0.70,0.80,0.35,1,0.91,1,Tuesday,10:15,90,0,0.54,0.94,0.69,0.67,0.33,0.54,0
147,4,1,2026-03-11,2.90,90,t,f,0.40,0.50,0.70,0.80,0.35,2,0.41,0,Monday,08:30,90,1,0.52,0.97,0.48,0.37,0.32,0.89,0
148,5,3,2026-02-25,4.20,30,f,t,0.85,0.90,0.30,0.20,0.65,1,0.69,0,Wednesday,12:00,90,0,0.58,0.74,0.43,0.37,0.68,0.91,0
149,5,2,2026-02-18,4.20,30,f,t,0.85,0.90,0.30,0.20,0.65,4,0.94,1,Tuesday,10:15,90,0,0.68,0.50,0.53,0.73,0.12,0.92,1
150,5,1,2026-03-05,4.20,30,f,t,0.85,0.90,0.30,0.20,0.65,4,0.95,1,Monday,08:30,90,1,0.84,0.71,0.51,0.58,0.17,0.59,1
151,1,3,2026-02-02,3.80,40,f,t,0.75,0.80,0.40,0.30,0.60,0,0.72,0,Wednesday,12:00,90,0,0.75,0.55,0.73,0.88,0.69,0.46,1
152,1,2,2026-03-18,3.80,40,f,t,0.75,0.80,0.40,0.30,0.60,3,0.58,0,Tuesday,10:15,90,0,0.53,0.52,0.63,0.90,0.73,0.88,1
153,1,1,2026-02-03,3.80,40,f,t,0.75,0.80,0.40,0.30,0.60,4,0.69,1,Monday,08:30,90,1,0.80,0.63,0.80,0.31,0.42,0.97,1
154,2,3,2026-02-28,3.20,70,t,f,0.50,0.60,0.55,0.65,0.45,2,0.47,0,Wednesday,12:00,90,0,0.88,0.82,0.77,0.98,0.51,0.42,1
155,2,2,2026-03-02,3.20,70,t,f,0.50,0.60,0.55,0.65,0.45,2,0.58,0,Tuesday,10:15,90,0,0.63,0.51,0.83,0.88,0.34,0.85,1
156,2,1,2026-02-13,3.20,70,t,f,0.50,0.60,0.55,0.65,0.45,0,0.43,1,Monday,08:30,90,1,0.85,0.53,0.77,0.58,0.51,0.43,0
157,3,3,2026-03-22,4.50,20,f,t,0.90,0.85,0.20,0.25,0.70,0,0.72,0,Wednesday,12:00,90,0,0.85,0.59,0.48,0.45,0.74,0.55,1
158,3,2,2026-03-06,4.50,20,f,t,0.90,0.85,0.20,0.25,0.70,2,0.96,0,Tuesday,10:15,90,0,0.86,0.93,0.48,0.38,0.52,0.43,1
159,3,1,2026-04-01,4.50,20,f,t,0.90,0.85,0.20,0.25,0.70,4,0.83,0,Monday,08:30,90,1,0.57,0.61,0.58,0.32,0.56,0.96,1
160,4,3,2026-02-12,2.90,90,t,f,0.40,0.50,0.70,0.80,0.35,0,0.53,1,Wednesday,12:00,90,0,0.84,0.52,0.62,0.49,0.02,0.58,1
161,4,2,2026-02-09,2.90,90,t,f,0.40,0.50,0.70,0.80,0.35,3,0.47,0,Tuesday,10:15,90,0,0.80,0.94,0.69,0.67,0.33,0.54,0
162,4,1,2026-02-11,2.90,90,t,f,0.40,0.50,0.70,0.80,0.35,5,0.62,0,Monday,08:30,90,1,0.55,0.97,0.48,0.37,0.32,0.89,0
163,5,3,2026-03-28,4.20,30,f,t,0.85,0.90,0.30,0.20,0.65,5,0.41,0,Wednesday,12:00,90,0,0.71,0.74,0.43,0.37,0.68,0.91,1
164,5,2,2026-02-18,4.20,30,f,t,0.85,0.90,0.30,0.20,0.65,0,0.93,0,Tuesday,10:15,90,0,0.80,0.50,0.53,0.73,0.12,0.92,1
165,5,1,2026-03-02,4.20,30,f,t,0.85,0.90,0.30,0.20,0.65,5,0.62,1,Monday,08:30,90,1,0.61,0.71,0.51,0.58,0.17,0.59,0
166,1,3,2026-03-05,3.80,40,f,t,0.75,0.80,0.40,0.30,0.60,1,0.89,0,Wednesday,12:00,90,0,0.52,0.55,0.73,0.88,0.69,0.46,1
167,1,2,2026-03-22,3.80,40,f,t,0.75,0.80,0.40,0.30,0.60,4,0.95,0,Tuesday,10:15,90,0,0.77,0.52,0.63,0.90,0.73,0.88,1
168,1,1,2026-03-20,3.80,40,f,t,0.75,0.80,0.40,0.30,0.60,1,0.89,0,Monday,08:30,90,1,0.58,0.63,0.80,0.31,0.42,0.97,1
169,2,3,2026-03-06,3.20,70,t,f,0.50,0.60,0.55,0.65,0.45,3,0.53,0,Wednesday,12:00,90,0,0.69,0.82,0.77,0.98,0.51,0.42,0
170,2,2,2026-03-29,3.20,70,t,f,0.50,0.60,0.55,0.65,0.45,0,0.78,0,Tuesday,10:15,90,0,0.75,0.51,0.83,0.88,0.34,0.85,1
171,2,1,2026-02-12,3.20,70,t,f,0.50,0.60,0.55,0.65,0.45,4,0.54,0,Monday,08:30,90,1,0.80,0.53,0.77,0.58,0.51,0.43,1
172,3,3,2026-03-30,4.50,20,f,t,0.90,0.85,0.20,0.25,0.70,4,0.86,1,Wednesday,12:00,90,0,0.56,0.59,0.48,0.45,0.74,0.55,1
173,3,2,2026-03-09,4.50,20,f,t,0.90,0.85,0.20,0.25,0.70,3,0.94,0,Tuesday,10:15,90,0,0.77,0.93,0.48,0.38,0.52,0.43,1
174,3,1,2026-03-11,4.50,20,f,t,0.90,0.85,0.20,0.25,0.70,5,0.91,0,Monday,08:30,90,1,0.59,0.61,0.58,0.32,0.56,0.96,1
175,4,3,2026-03-03,2.90,90,t,f,0.40,0.50,0.70,0.80,0.35,4,0.98,0,Wednesday,12:00,90,0,0.84,0.52,0.62,0.49,0.02,0.58,0
176,4,2,2026-02-10,2.90,90,t,f,0.40,0.50,0.70,0.80,0.35,4,0.98,0,Tuesday,10:15,90,0,0.75,0.94,0.69,0.67,0.33,0.54,0
177,4,1,2026-03-11,2.90,90,t,f,0.40,0.50,0.70,0.80,0.35,3,0.48,1,Monday,08:30,90,1,0.56,0.97,0.48,0.37,0.32,0.89,0
178,5,3,2026-02-24,4.20,30,f,t,0.85,0.90,0.30,0.20,0.65,4,0.69,0,Wednesday,12:00,90,0,0.89,0.74,0.43,0.37,0.68,0.91,1
179,5,2,2026-02-14,4.20,30,f,t,0.85,0.90,0.30,0.20,0.65,1,0.45,0,Tuesday,10:15,90,0,0.70,0.50,0.53,0.73,0.12,0.92,1
180,5,1,2026-03-22,4.20,30,f,t,0.85,0.90,0.30,0.20,0.65,5,0.73,0,Monday,08:30,90,1,0.88,0.71,0.51,0.58,0.17,0.59,1
181,1,3,2026-02-17,3.80,40,f,t,0.75,0.80,0.40,0.30,0.60,4,0.49,0,Wednesday,12:00,90,0,0.72,0.55,0.73,0.88,0.69,0.46,1
182,1,2,2026-03-06,3.80,40,f,t,0.75,0.80,0.40,0.30,0.60,4,1.00,0,Tuesday,10:15,90,0,0.52,0.52,0.63,0.90,0.73,0.88,1
183,1,1,2026-03-31,3.80,40,f,t,0.75,0.80,0.40,0.30,0.60,1,0.91,0,Monday,08:30,90,1,0.80,0.63,0.80,0.31,0.42,0.97,0
184,2,3,2026-03-31,3.20,70,t,f,0.50,0.60,0.55,0.65,0.45,5,0.41,0,Wednesday,12:00,90,0,0.69,0.82,0.77,0.98,0.51,0.42,1
185,2,2,2026-03-27,3.20,70,t,f,0.50,0.60,0.55,0.65,0.45,4,0.91,0,Tuesday,10:15,90,0,0.77,0.51,0.83,0.88,0.34,0.85,1
186,2,1,2026-02-25,3.20,70,t,f,0.50,0.60,0.55,0.65,0.45,4,0.94,0,Monday,08:30,90,1,0.59,0.53,0.77,0.58,0.51,0.43,0
187,3,3,2026-02-15,4.50,20,f,t,0.90,0.85,0.20,0.25,0.70,0,0.47,1,Wednesday,12:00,90,0,0.88,0.59,0.48,0.45,0.74,0.55,1
188,3,2,2026-02-14,4.50,20,f,t,0.90,0.85,0.20,0.25,0.70,4,0.69,1,Tuesday,10:15,90,0,0.51,0.93,0.48,0.38,0.52,0.43,1
189,3,1,2026-02-15,4.50,20,f,t,0.90,0.85,0.20,0.25,0.70,1,0.79,1,Monday,08:30,90,1,0.62,0.61,0.58,0.32,0.56,0.96,1
190,4,3,2026-02-10,2.90,90,t,f,0.40,0.50,0.70,0.80,0.35,2,0.95,0,Wednesday,12:00,90,0,0.77,0.52,0.62,0.49,0.02,0.58,1
191,4,2,2026-03-21,2.90,90,t,f,0.40,0.50,0.70,0.80,0.35,3,0.86,1,Tuesday,10:15,90,0,0.74,0.94,0.69,0.67,0.33,0.54,1
192,4,1,2026-02-22,2.90,90,t,f,0.40,0.50,0.70,0.80,0.35,1,0.82,0,Monday,08:30,90,1,0.79,0.97,0.48,0.37,0.32,0.89,0
193,5,3,2026-03-05,4.20,30,f,t,0.85,0.90,0.30,0.20,0.65,2,0.69,0,Wednesday,12:00,90,0,0.53,0.74,0.43,0.37,0.68,0.91,1
194,5,2,2026-02-20,4.20,30,f,t,0.85,0.90,0.30,0.20,0.65,4,0.64,1,Tuesday,10:15,90,0,0.61,0.50,0.53,0.73,0.12,0.92,0
195,5,1,2026-02-21,4.20,30,f,t,0.85,0.90,0.30,0.20,0.65,5,0.87,0,Monday,08:30,90,1,0.56,0.71,0.51,0.58,0.17,0.59,1
196,1,3,2026-03-06,3.80,40,f,t,0.75,0.80,0.40,0.30,0.60,3,0.58,0,Wednesday,12:00,90,0,0.84,0.55,0.73,0.88,0.69,0.46,1
197,1,2,2026-02-24,3.80,40,f,t,0.75,0.80,0.40,0.30,0.60,1,0.87,0,Tuesday,10:15,90,0,0.62,0.52,0.63,0.90,0.73,0.88,1
198,1,1,2026-02-01,3.80,40,f,t,0.75,0.80,0.40,0.30,0.60,5,0.88,1,Monday,08:30,90,1,0.76,0.63,0.80,0.31,0.42,0.97,1
199,2,3,2026-02-13,3.20,70,t,f,0.50,0.60,0.55,0.65,0.45,2,0.72,0,Wednesday,12:00,90,0,0.82,0.82,0.77,0.98,0.51,0.42,1
200,2,2,2026-02-19,3.20,70,t,f,0.50,0.60,0.55,0.65,0.45,4,0.41,0,Tuesday,10:15,90,0,0.75,0.51,0.83,0.88,0.34,0.85,1
201,2,1,2026-03-26,3.20,70,t,f,0.50,0.60,0.55,0.65,0.45,1,0.58,1,Monday,08:30,90,1,0.70,0.53,0.77,0.58,0.51,0.43,1
202,3,3,2026-03-13,4.50,20,f,t,0.90,0.85,0.20,0.25,0.70,4,0.68,1,Wednesday,12:00,90,0,0.58,0.59,0.48,0.45,0.74,0.55,1
203,3,2,2026-04-02,4.50,20,f,t,0.90,0.85,0.20,0.25,0.70,1,0.41,1,Tuesday,10:15,90,0,0.69,0.93,0.48,0.38,0.52,0.43,1
204,3,1,2026-02-02,4.50,20,f,t,0.90,0.85,0.20,0.25,0.70,4,0.63,1,Monday,08:30,90,1,0.61,0.61,0.58,0.32,0.56,0.96,1
205,4,3,2026-03-28,2.90,90,t,f,0.40,0.50,0.70,0.80,0.35,3,0.69,0,Wednesday,12:00,90,0,0.78,0.52,0.62,0.49,0.02,0.58,1
206,4,2,2026-02-02,2.90,90,t,f,0.40,0.50,0.70,0.80,0.35,3,0.63,0,Tuesday,10:15,90,0,0.73,0.94,0.69,0.67,0.33,0.54,0
207,4,1,2026-02-16,2.90,90,t,f,0.40,0.50,0.70,0.80,0.35,2,0.86,0,Monday,08:30,90,1,0.86,0.97,0.48,0.37,0.32,0.89,0
208,5,3,2026-02-09,4.20,30,f,t,0.85,0.90,0.30,0.20,0.65,3,0.87,0,Wednesday,12:00,90,0,0.79,0.74,0.43,0.37,0.68,0.91,1
209,5,2,2026-02-13,4.20,30,f,t,0.85,0.90,0.30,0.20,0.65,0,0.70,0,Tuesday,10:15,90,0,0.84,0.50,0.53,0.73,0.12,0.92,1
210,5,1,2026-02-17,4.20,30,f,t,0.85,0.90,0.30,0.20,0.65,1,0.90,1,Monday,08:30,90,1,0.58,0.71,0.51,0.58,0.17,0.59,1
211,1,3,2026-02-11,3.80,40,f,t,0.75,0.80,0.40,0.30,0.60,4,0.69,1,Wednesday,12:00,90,0,0.69,0.55,0.73,0.88,0.69,0.46,1
212,1,2,2026-03-13,3.80,40,f,t,0.75,0.80,0.40,0.30,0.60,5,0.77,0,Tuesday,10:15,90,0,0.86,0.52,0.63,0.90,0.73,0.88,1
213,1,1,2026-02-03,3.80,40,f,t,0.75,0.80,0.40,0.30,0.60,3,0.46,1,Monday,08:30,90,1,0.69,0.63,0.80,0.31,0.42,0.97,0
214,2,3,2026-03-30,3.20,70,t,f,0.50,0.60,0.55,0.65,0.45,0,0.64,0,Wednesday,12:00,90,0,0.88,0.82,0.77,0.98,0.51,0.42,1
215,2,2,2026-03-05,3.20,70,t,f,0.50,0.60,0.55,0.65,0.45,1,0.47,1,Tuesday,10:15,90,0,0.62,0.51,0.83,0.88,0.34,0.85,1
216,2,1,2026-02-15,3.20,70,t,f,0.50,0.60,0.55,0.65,0.45,3,0.59,0,Monday,08:30,90,1,0.59,0.53,0.77,0.58,0.51,0.43,1
217,3,3,2026-03-14,4.50,20,f,t,0.90,0.85,0.20,0.25,0.70,4,0.70,0,Wednesday,12:00,90,0,0.89,0.59,0.48,0.45,0.74,0.55,0
218,3,2,2026-03-03,4.50,20,f,t,0.90,0.85,0.20,0.25,0.70,5,0.45,0,Tuesday,10:15,90,0,0.70,0.93,0.48,0.38,0.52,0.43,0
219,3,1,2026-02-24,4.50,20,f,t,0.90,0.85,0.20,0.25,0.70,0,0.86,0,Monday,08:30,90,1,0.59,0.61,0.58,0.32,0.56,0.96,0
220,4,3,2026-03-25,2.90,90,t,f,0.40,0.50,0.70,0.80,0.35,3,0.88,0,Wednesday,12:00,90,0,0.86,0.52,0.62,0.49,0.02,0.58,0
221,4,2,2026-02-04,2.90,90,t,f,0.40,0.50,0.70,0.80,0.35,2,0.62,1,Tuesday,10:15,90,0,0.83,0.94,0.69,0.67,0.33,0.54,1
222,4,1,2026-03-24,2.90,90,t,f,0.40,0.50,0.70,0.80,0.35,5,0.54,0,Monday,08:30,90,1,0.84,0.97,0.48,0.37,0.32,0.89,0
223,5,3,2026-04-01,4.20,30,f,t,0.85,0.90,0.30,0.20,0.65,1,0.42,1,Wednesday,12:00,90,0,0.57,0.74,0.43,0.37,0.68,0.91,1
224,5,2,2026-02-09,4.20,30,f,t,0.85,0.90,0.30,0.20,0.65,5,0.81,1,Tuesday,10:15,90,0,0.55,0.50,0.53,0.73,0.12,0.92,1
225,5,1,2026-02-16,4.20,30,f,t,0.85,0.90,0.30,0.20,0.65,5,0.58,1,Monday,08:30,90,1,0.74,0.71,0.51,0.58,0.17,0.59,0
226,1,3,2026-02-28,3.80,40,f,t,0.75,0.80,0.40,0.30,0.60,1,0.53,0,Wednesday,12:00,90,0,0.56,0.55,0.73,0.88,0.69,0.46,1
227,1,2,2026-03-22,3.80,40,f,t,0.75,0.80,0.40,0.30,0.60,1,0.45,0,Tuesday,10:15,90,0,0.61,0.52,0.63,0.90,0.73,0.88,1
228,1,1,2026-03-25,3.80,40,f,t,0.75,0.80,0.40,0.30,0.60,1,0.43,0,Monday,08:30,90,1,0.80,0.63,0.80,0.31,0.42,0.97,1
229,2,3,2026-03-21,3.20,70,t,f,0.50,0.60,0.55,0.65,0.45,3,0.41,1,Wednesday,12:00,90,0,0.82,0.82,0.77,0.98,0.51,0.42,1
230,2,2,2026-03-10,3.20,70,t,f,0.50,0.60,0.55,0.65,0.45,1,0.98,0,Tuesday,10:15,90,0,0.73,0.51,0.83,0.88,0.34,0.85,0
231,2,1,2026-03-15,3.20,70,t,f,0.50,0.60,0.55,0.65,0.45,3,0.47,0,Monday,08:30,90,1,0.57,0.53,0.77,0.58,0.51,0.43,0
232,3,3,2026-03-17,4.50,20,f,t,0.90,0.85,0.20,0.25,0.70,2,0.43,1,Wednesday,12:00,90,0,0.62,0.59,0.48,0.45,0.74,0.55,1
233,3,2,2026-02-23,4.50,20,f,t,0.90,0.85,0.20,0.25,0.70,4,0.96,0,Tuesday,10:15,90,0,0.68,0.93,0.48,0.38,0.52,0.43,1
234,3,1,2026-03-29,4.50,20,f,t,0.90,0.85,0.20,0.25,0.70,3,0.80,0,Monday,08:30,90,1,0.61,0.61,0.58,0.32,0.56,0.96,1
235,4,3,2026-02-11,2.90,90,t,f,0.40,0.50,0.70,0.80,0.35,3,0.40,0,Wednesday,12:00,90,0,0.89,0.52,0.62,0.49,0.02,0.58,0
236,4,2,2026-04-02,2.90,90,t,f,0.40,0.50,0.70,0.80,0.35,4,0.56,0,Tuesday,10:15,90,0,0.75,0.94,0.69,0.67,0.33,0.54,1
237,4,1,2026-02-04,2.90,90,t,f,0.40,0.50,0.70,0.80,0.35,1,0.40,1,Monday,08:30,90,1,0.88,0.97,0.48,0.37,0.32,0.89,0
238,5,3,2026-03-19,4.20,30,f,t,0.85,0.90,0.30,0.20,0.65,3,0.58,0,Wednesday,12:00,90,0,0.76,0.74,0.43,0.37,0.68,0.91,1
239,5,2,2026-02-07,4.20,30,f,t,0.85,0.90,0.30,0.20,0.65,0,0.81,0,Tuesday,10:15,90,0,0.65,0.50,0.53,0.73,0.12,0.92,1
240,5,1,2026-02-06,4.20,30,f,t,0.85,0.90,0.30,0.20,0.65,4,0.49,1,Monday,08:30,90,1,0.78,0.71,0.51,0.58,0.17,0.59,1
241,1,3,2026-02-06,3.80,40,f,t,0.75,0.80,0.40,0.30,0.60,4,0.43,0,Wednesday,12:00,90,0,0.80,0.55,0.73,0.88,0.69,0.46,1
242,1,2,2026-03-06,3.80,40,f,t,0.75,0.80,0.40,0.30,0.60,3,0.57,1,Tuesday,10:15,90,0,0.84,0.52,0.63,0.90,0.73,0.88,1
243,1,1,2026-03-04,3.80,40,f,t,0.75,0.80,0.40,0.30,0.60,2,0.83,0,Monday,08:30,90,1,0.89,0.63,0.80,0.31,0.42,0.97,1
244,2,3,2026-02-26,3.20,70,t,f,0.50,0.60,0.55,0.65,0.45,2,0.89,0,Wednesday,12:00,90,0,0.76,0.82,0.77,0.98,0.51,0.42,1
245,2,2,2026-03-23,3.20,70,t,f,0.50,0.60,0.55,0.65,0.45,4,0.91,0,Tuesday,10:15,90,0,0.79,0.51,0.83,0.88,0.34,0.85,0
246,2,1,2026-03-08,3.20,70,t,f,0.50,0.60,0.55,0.65,0.45,2,0.71,1,Monday,08:30,90,1,0.78,0.53,0.77,0.58,0.51,0.43,1
247,3,3,2026-02-11,4.50,20,f,t,0.90,0.85,0.20,0.25,0.70,0,0.41,0,Wednesday,12:00,90,0,0.85,0.59,0.48,0.45,0.74,0.55,1
248,3,2,2026-02-13,4.50,20,f,t,0.90,0.85,0.20,0.25,0.70,5,0.59,0,Tuesday,10:15,90,0,0.73,0.93,0.48,0.38,0.52,0.43,1
249,3,1,2026-02-19,4.50,20,f,t,0.90,0.85,0.20,0.25,0.70,5,0.93,0,Monday,08:30,90,1,0.59,0.61,0.58,0.32,0.56,0.96,1
250,4,3,2026-03-08,2.90,90,t,f,0.40,0.50,0.70,0.80,0.35,3,0.84,0,Wednesday,12:00,90,0,0.73,0.52,0.62,0.49,0.02,0.58,1
251,4,2,2026-03-08,2.90,90,t,f,0.40,0.50,0.70,0.80,0.35,2,0.70,0,Tuesday,10:15,90,0,0.80,0.94,0.69,0.67,0.33,0.54,1
252,4,1,2026-02-07,2.90,90,t,f,0.40,0.50,0.70,0.80,0.35,2,0.61,0,Monday,08:30,90,1,0.83,0.97,0.48,0.37,0.32,0.89,0
253,5,3,2026-03-13,4.20,30,f,t,0.85,0.90,0.30,0.20,0.65,4,0.91,0,Wednesday,12:00,90,0,0.62,0.74,0.43,0.37,0.68,0.91,1
254,5,2,2026-03-21,4.20,30,f,t,0.85,0.90,0.30,0.20,0.65,3,0.72,1,Tuesday,10:15,90,0,0.52,0.50,0.53,0.73,0.12,0.92,1
255,5,1,2026-02-04,4.20,30,f,t,0.85,0.90,0.30,0.20,0.65,2,0.77,1,Monday,08:30,90,1,0.80,0.71,0.51,0.58,0.17,0.59,1
256,1,3,2026-02-25,3.80,40,f,t,0.75,0.80,0.40,0.30,0.60,2,0.53,0,Wednesday,12:00,90,0,0.68,0.55,0.73,0.88,0.69,0.46,1
257,1,2,2026-03-25,3.80,40,f,t,0.75,0.80,0.40,0.30,0.60,4,0.65,1,Tuesday,10:15,90,0,0.70,0.52,0.63,0.90,0.73,0.88,1
258,1,1,2026-03-13,3.80,40,f,t,0.75,0.80,0.40,0.30,0.60,3,0.77,1,Monday,08:30,90,1,0.79,0.63,0.80,0.31,0.42,0.97,1
259,2,3,2026-02-23,3.20,70,t,f,0.50,0.60,0.55,0.65,0.45,2,0.63,0,Wednesday,12:00,90,0,0.51,0.82,0.77,0.98,0.51,0.42,1
260,2,2,2026-02-14,3.20,70,t,f,0.50,0.60,0.55,0.65,0.45,4,0.48,0,Tuesday,10:15,90,0,0.66,0.51,0.83,0.88,0.34,0.85,1
261,2,1,2026-03-11,3.20,70,t,f,0.50,0.60,0.55,0.65,0.45,4,0.73,1,Monday,08:30,90,1,0.71,0.53,0.77,0.58,0.51,0.43,0
262,3,3,2026-02-04,4.50,20,f,t,0.90,0.85,0.20,0.25,0.70,2,0.71,0,Wednesday,12:00,90,0,0.67,0.59,0.48,0.45,0.74,0.55,1
263,3,2,2026-02-27,4.50,20,f,t,0.90,0.85,0.20,0.25,0.70,5,0.93,1,Tuesday,10:15,90,0,0.80,0.93,0.48,0.38,0.52,0.43,1
264,3,1,2026-03-11,4.50,20,f,t,0.90,0.85,0.20,0.25,0.70,2,0.72,0,Monday,08:30,90,1,0.68,0.61,0.58,0.32,0.56,0.96,1
265,4,3,2026-02-04,2.90,90,t,f,0.40,0.50,0.70,0.80,0.35,4,0.86,1,Wednesday,12:00,90,0,0.85,0.52,0.62,0.49,0.02,0.58,1
266,4,2,2026-02-01,2.90,90,t,f,0.40,0.50,0.70,0.80,0.35,3,0.58,1,Tuesday,10:15,90,0,0.79,0.94,0.69,0.67,0.33,0.54,1
267,4,1,2026-02-21,2.90,90,t,f,0.40,0.50,0.70,0.80,0.35,3,0.72,0,Monday,08:30,90,1,0.75,0.97,0.48,0.37,0.32,0.89,0
268,5,3,2026-02-20,4.20,30,f,t,0.85,0.90,0.30,0.20,0.65,3,0.65,0,Wednesday,12:00,90,0,0.58,0.74,0.43,0.37,0.68,0.91,1
269,5,2,2026-02-09,4.20,30,f,t,0.85,0.90,0.30,0.20,0.65,1,0.57,1,Tuesday,10:15,90,0,0.78,0.50,0.53,0.73,0.12,0.92,1
270,5,1,2026-02-15,4.20,30,f,t,0.85,0.90,0.30,0.20,0.65,2,0.93,1,Monday,08:30,90,1,0.69,0.71,0.51,0.58,0.17,0.59,1
271,1,3,2026-02-21,3.80,40,f,t,0.75,0.80,0.40,0.30,0.60,3,0.47,0,Wednesday,12:00,90,0,0.79,0.55,0.73,0.88,0.69,0.46,1
272,1,2,2026-03-03,3.80,40,f,t,0.75,0.80,0.40,0.30,0.60,2,0.54,0,Tuesday,10:15,90,0,0.55,0.52,0.63,0.90,0.73,0.88,1
273,1,1,2026-02-03,3.80,40,f,t,0.75,0.80,0.40,0.30,0.60,4,0.88,1,Monday,08:30,90,1,0.61,0.63,0.80,0.31,0.42,0.97,0
274,2,3,2026-03-05,3.20,70,t,f,0.50,0.60,0.55,0.65,0.45,5,0.67,0,Wednesday,12:00,90,0,0.60,0.82,0.77,0.98,0.51,0.42,1
275,2,2,2026-02-18,3.20,70,t,f,0.50,0.60,0.55,0.65,0.45,4,0.77,1,Tuesday,10:15,90,0,0.65,0.51,0.83,0.88,0.34,0.85,0
276,2,1,2026-03-01,3.20,70,t,f,0.50,0.60,0.55,0.65,0.45,2,0.60,0,Monday,08:30,90,1,0.75,0.53,0.77,0.58,0.51,0.43,0
277,3,3,2026-02-15,4.50,20,f,t,0.90,0.85,0.20,0.25,0.70,2,0.64,1,Wednesday,12:00,90,0,0.74,0.59,0.48,0.45,0.74,0.55,1
278,3,2,2026-02-20,4.50,20,f,t,0.90,0.85,0.20,0.25,0.70,2,0.66,0,Tuesday,10:15,90,0,0.81,0.93,0.48,0.38,0.52,0.43,1
279,3,1,2026-03-22,4.50,20,f,t,0.90,0.85,0.20,0.25,0.70,1,0.74,0,Monday,08:30,90,1,0.84,0.61,0.58,0.32,0.56,0.96,1
280,4,3,2026-03-02,2.90,90,t,f,0.40,0.50,0.70,0.80,0.35,2,0.87,0,Wednesday,12:00,90,0,0.55,0.52,0.62,0.49,0.02,0.58,1
281,4,2,2026-03-28,2.90,90,t,f,0.40,0.50,0.70,0.80,0.35,4,0.54,0,Tuesday,10:15,90,0,0.72,0.94,0.69,0.67,0.33,0.54,1
282,4,1,2026-03-03,2.90,90,t,f,0.40,0.50,0.70,0.80,0.35,1,0.71,1,Monday,08:30,90,1,0.51,0.97,0.48,0.37,0.32,0.89,0
283,5,3,2026-03-20,4.20,30,f,t,0.85,0.90,0.30,0.20,0.65,2,0.51,0,Wednesday,12:00,90,0,0.58,0.74,0.43,0.37,0.68,0.91,1
284,5,2,2026-03-30,4.20,30,f,t,0.85,0.90,0.30,0.20,0.65,4,0.92,0,Tuesday,10:15,90,0,0.86,0.50,0.53,0.73,0.12,0.92,1
285,5,1,2026-03-23,4.20,30,f,t,0.85,0.90,0.30,0.20,0.65,0,0.54,0,Monday,08:30,90,1,0.77,0.71,0.51,0.58,0.17,0.59,1
286,1,3,2026-02-15,3.80,40,f,t,0.75,0.80,0.40,0.30,0.60,3,0.65,0,Wednesday,12:00,90,0,0.53,0.55,0.73,0.88,0.69,0.46,1
287,1,2,2026-03-13,3.80,40,f,t,0.75,0.80,0.40,0.30,0.60,2,0.58,0,Tuesday,10:15,90,0,0.78,0.52,0.63,0.90,0.73,0.88,0
288,1,1,2026-03-27,3.80,40,f,t,0.75,0.80,0.40,0.30,0.60,2,0.66,0,Monday,08:30,90,1,0.81,0.63,0.80,0.31,0.42,0.97,1
289,2,3,2026-02-05,3.20,70,t,f,0.50,0.60,0.55,0.65,0.45,0,0.52,1,Wednesday,12:00,90,0,0.55,0.82,0.77,0.98,0.51,0.42,1
290,2,2,2026-02-17,3.20,70,t,f,0.50,0.60,0.55,0.65,0.45,3,0.50,0,Tuesday,10:15,90,0,0.74,0.51,0.83,0.88,0.34,0.85,0
291,2,1,2026-03-30,3.20,70,t,f,0.50,0.60,0.55,0.65,0.45,2,0.83,1,Monday,08:30,90,1,0.87,0.53,0.77,0.58,0.51,0.43,0
292,3,3,2026-03-03,4.50,20,f,t,0.90,0.85,0.20,0.25,0.70,4,0.55,1,Wednesday,12:00,90,0,0.87,0.59,0.48,0.45,0.74,0.55,1
293,3,2,2026-03-11,4.50,20,f,t,0.90,0.85,0.20,0.25,0.70,2,0.55,0,Tuesday,10:15,90,0,0.53,0.93,0.48,0.38,0.52,0.43,1
294,3,1,2026-02-28,4.50,20,f,t,0.90,0.85,0.20,0.25,0.70,1,0.54,1,Monday,08:30,90,1,0.59,0.61,0.58,0.32,0.56,0.96,1
295,4,3,2026-03-30,2.90,90,t,f,0.40,0.50,0.70,0.80,0.35,3,0.98,1,Wednesday,12:00,90,0,0.87,0.52,0.62,0.49,0.02,0.58,1
296,4,2,2026-02-28,2.90,90,t,f,0.40,0.50,0.70,0.80,0.35,3,0.86,1,Tuesday,10:15,90,0,0.69,0.94,0.69,0.67,0.33,0.54,0
297,4,1,2026-02-18,2.90,90,t,f,0.40,0.50,0.70,0.80,0.35,3,0.51,0,Monday,08:30,90,1,0.84,0.97,0.48,0.37,0.32,0.89,1
298,5,3,2026-02-23,4.20,30,f,t,0.85,0.90,0.30,0.20,0.65,0,0.93,0,Wednesday,12:00,90,0,0.89,0.74,0.43,0.37,0.68,0.91,1
299,5,2,2026-03-05,4.20,30,f,t,0.85,0.90,0.30,0.20,0.65,3,0.67,0,Tuesday,10:15,90,0,0.64,0.50,0.53,0.73,0.12,0.92,1
300,5,1,2026-02-01,4.20,30,f,t,0.85,0.90,0.30,0.20,0.65,0,0.48,0,Monday,08:30,90,1,0.72,0.71,0.51,0.58,0.17,0.59,1
301,1,3,2026-03-29,3.80,40,f,t,0.75,0.80,0.40,0.30,0.60,2,0.94,0,Wednesday,12:00,90,0,0.58,0.55,0.73,0.88,0.69,0.46,1
302,1,2,2026-03-15,3.80,40,f,t,0.75,0.80,0.40,0.30,0.60,0,0.83,1,Tuesday,10:15,90,0,0.67,0.52,0.63,0.90,0.73,0.88,1
303,1,1,2026-02-12,3.80,40,f,t,0.75,0.80,0.40,0.30,0.60,3,0.71,1,Monday,08:30,90,1,0.65,0.63,0.80,0.31,0.42,0.97,1
304,2,3,2026-04-01,3.20,70,t,f,0.50,0.60,0.55,0.65,0.45,2,0.45,0,Wednesday,12:00,90,0,0.57,0.82,0.77,0.98,0.51,0.42,0
305,2,2,2026-03-02,3.20,70,t,f,0.50,0.60,0.55,0.65,0.45,3,0.73,0,Tuesday,10:15,90,0,0.62,0.51,0.83,0.88,0.34,0.85,0
306,2,1,2026-02-24,3.20,70,t,f,0.50,0.60,0.55,0.65,0.45,4,0.44,0,Monday,08:30,90,1,0.68,0.53,0.77,0.58,0.51,0.43,0
307,3,3,2026-03-25,4.50,20,f,t,0.90,0.85,0.20,0.25,0.70,4,0.49,0,Wednesday,12:00,90,0,0.74,0.59,0.48,0.45,0.74,0.55,1
308,3,2,2026-02-19,4.50,20,f,t,0.90,0.85,0.20,0.25,0.70,3,0.93,0,Tuesday,10:15,90,0,0.53,0.93,0.48,0.38,0.52,0.43,1
309,3,1,2026-02-08,4.50,20,f,t,0.90,0.85,0.20,0.25,0.70,3,0.69,0,Monday,08:30,90,1,0.84,0.61,0.58,0.32,0.56,0.96,1
310,4,3,2026-02-08,2.90,90,t,f,0.40,0.50,0.70,0.80,0.35,2,0.86,0,Wednesday,12:00,90,0,0.76,0.52,0.62,0.49,0.02,0.58,1
311,4,2,2026-02-17,2.90,90,t,f,0.40,0.50,0.70,0.80,0.35,1,0.47,1,Tuesday,10:15,90,0,0.76,0.94,0.69,0.67,0.33,0.54,0
312,4,1,2026-02-22,2.90,90,t,f,0.40,0.50,0.70,0.80,0.35,4,0.52,1,Monday,08:30,90,1,0.81,0.97,0.48,0.37,0.32,0.89,1
313,5,3,2026-03-24,4.20,30,f,t,0.85,0.90,0.30,0.20,0.65,3,0.89,1,Wednesday,12:00,90,0,0.63,0.74,0.43,0.37,0.68,0.91,1
314,5,2,2026-02-25,4.20,30,f,t,0.85,0.90,0.30,0.20,0.65,2,0.61,1,Tuesday,10:15,90,0,0.70,0.50,0.53,0.73,0.12,0.92,1
315,5,1,2026-02-28,4.20,30,f,t,0.85,0.90,0.30,0.20,0.65,2,0.41,1,Monday,08:30,90,1,0.58,0.71,0.51,0.58,0.17,0.59,1
316,1,3,2026-02-04,3.80,40,f,t,0.75,0.80,0.40,0.30,0.60,3,0.47,0,Wednesday,12:00,90,0,0.86,0.55,0.73,0.88,0.69,0.46,1
317,1,2,2026-02-21,3.80,40,f,t,0.75,0.80,0.40,0.30,0.60,1,0.46,1,Tuesday,10:15,90,0,0.87,0.52,0.63,0.90,0.73,0.88,1
318,1,1,2026-03-22,3.80,40,f,t,0.75,0.80,0.40,0.30,0.60,4,0.76,0,Monday,08:30,90,1,0.58,0.63,0.80,0.31,0.42,0.97,1
319,2,3,2026-02-10,3.20,70,t,f,0.50,0.60,0.55,0.65,0.45,4,0.73,1,Wednesday,12:00,90,0,0.60,0.82,0.77,0.98,0.51,0.42,1
320,2,2,2026-02-18,3.20,70,t,f,0.50,0.60,0.55,0.65,0.45,3,0.74,1,Tuesday,10:15,90,0,0.76,0.51,0.83,0.88,0.34,0.85,0
321,2,1,2026-02-17,3.20,70,t,f,0.50,0.60,0.55,0.65,0.45,1,0.78,0,Monday,08:30,90,1,0.75,0.53,0.77,0.58,0.51,0.43,1
322,3,3,2026-02-14,4.50,20,f,t,0.90,0.85,0.20,0.25,0.70,1,0.70,0,Wednesday,12:00,90,0,0.82,0.59,0.48,0.45,0.74,0.55,1
323,3,2,2026-03-08,4.50,20,f,t,0.90,0.85,0.20,0.25,0.70,2,0.61,1,Tuesday,10:15,90,0,0.73,0.93,0.48,0.38,0.52,0.43,1
324,3,1,2026-03-07,4.50,20,f,t,0.90,0.85,0.20,0.25,0.70,4,0.74,1,Monday,08:30,90,1,0.60,0.61,0.58,0.32,0.56,0.96,1
325,4,3,2026-02-06,2.90,90,t,f,0.40,0.50,0.70,0.80,0.35,2,0.51,0,Wednesday,12:00,90,0,0.71,0.52,0.62,0.49,0.02,0.58,0
326,4,2,2026-03-08,2.90,90,t,f,0.40,0.50,0.70,0.80,0.35,4,0.94,0,Tuesday,10:15,90,0,0.66,0.94,0.69,0.67,0.33,0.54,1
327,4,1,2026-02-12,2.90,90,t,f,0.40,0.50,0.70,0.80,0.35,3,0.50,0,Monday,08:30,90,1,0.55,0.97,0.48,0.37,0.32,0.89,0
328,5,3,2026-03-10,4.20,30,f,t,0.85,0.90,0.30,0.20,0.65,1,0.72,0,Wednesday,12:00,90,0,0.60,0.74,0.43,0.37,0.68,0.91,1
329,5,2,2026-02-23,4.20,30,f,t,0.85,0.90,0.30,0.20,0.65,3,0.58,0,Tuesday,10:15,90,0,0.77,0.50,0.53,0.73,0.12,0.92,1
330,5,1,2026-02-16,4.20,30,f,t,0.85,0.90,0.30,0.20,0.65,4,0.91,1,Monday,08:30,90,1,0.88,0.71,0.51,0.58,0.17,0.59,1
331,1,3,2026-03-05,3.80,40,f,t,0.75,0.80,0.40,0.30,0.60,0,0.97,0,Wednesday,12:00,90,0,0.56,0.55,0.73,0.88,0.69,0.46,1
332,1,2,2026-03-09,3.80,40,f,t,0.75,0.80,0.40,0.30,0.60,1,0.52,0,Tuesday,10:15,90,0,0.50,0.52,0.63,0.90,0.73,0.88,1
333,1,1,2026-02-05,3.80,40,f,t,0.75,0.80,0.40,0.30,0.60,3,0.49,1,Monday,08:30,90,1,0.59,0.63,0.80,0.31,0.42,0.97,1
334,2,3,2026-02-23,3.20,70,t,f,0.50,0.60,0.55,0.65,0.45,2,0.72,0,Wednesday,12:00,90,0,0.55,0.82,0.77,0.98,0.51,0.42,0
335,2,2,2026-02-26,3.20,70,t,f,0.50,0.60,0.55,0.65,0.45,2,0.86,0,Tuesday,10:15,90,0,0.64,0.51,0.83,0.88,0.34,0.85,1
336,2,1,2026-03-10,3.20,70,t,f,0.50,0.60,0.55,0.65,0.45,0,0.57,0,Monday,08:30,90,1,0.62,0.53,0.77,0.58,0.51,0.43,0
337,3,3,2026-03-24,4.50,20,f,t,0.90,0.85,0.20,0.25,0.70,2,0.82,0,Wednesday,12:00,90,0,0.51,0.59,0.48,0.45,0.74,0.55,0
338,3,2,2026-02-21,4.50,20,f,t,0.90,0.85,0.20,0.25,0.70,1,0.48,0,Tuesday,10:15,90,0,0.84,0.93,0.48,0.38,0.52,0.43,1
339,3,1,2026-02-13,4.50,20,f,t,0.90,0.85,0.20,0.25,0.70,2,0.96,0,Monday,08:30,90,1,0.79,0.61,0.58,0.32,0.56,0.96,1
340,4,3,2026-03-26,2.90,90,t,f,0.40,0.50,0.70,0.80,0.35,1,0.74,0,Wednesday,12:00,90,0,0.57,0.52,0.62,0.49,0.02,0.58,1
341,4,2,2026-02-21,2.90,90,t,f,0.40,0.50,0.70,0.80,0.35,5,0.52,1,Tuesday,10:15,90,0,0.53,0.94,0.69,0.67,0.33,0.54,1
342,4,1,2026-03-02,2.90,90,t,f,0.40,0.50,0.70,0.80,0.35,1,0.89,0,Monday,08:30,90,1,0.57,0.97,0.48,0.37,0.32,0.89,0
343,5,3,2026-03-04,4.20,30,f,t,0.85,0.90,0.30,0.20,0.65,1,0.40,0,Wednesday,12:00,90,0,0.83,0.74,0.43,0.37,0.68,0.91,0
344,5,2,2026-02-12,4.20,30,f,t,0.85,0.90,0.30,0.20,0.65,2,0.79,0,Tuesday,10:15,90,0,0.78,0.50,0.53,0.73,0.12,0.92,1
345,5,1,2026-02-19,4.20,30,f,t,0.85,0.90,0.30,0.20,0.65,5,0.85,0,Monday,08:30,90,1,0.84,0.71,0.51,0.58,0.17,0.59,1
346,1,3,2026-03-30,3.80,40,f,t,0.75,0.80,0.40,0.30,0.60,1,0.53,0,Wednesday,12:00,90,0,0.75,0.55,0.73,0.88,0.69,0.46,1
347,1,2,2026-02-02,3.80,40,f,t,0.75,0.80,0.40,0.30,0.60,2,0.56,0,Tuesday,10:15,90,0,0.68,0.52,0.63,0.90,0.73,0.88,0
348,1,1,2026-02-23,3.80,40,f,t,0.75,0.80,0.40,0.30,0.60,3,0.86,1,Monday,08:30,90,1,0.73,0.63,0.80,0.31,0.42,0.97,0
349,2,3,2026-02-25,3.20,70,t,f,0.50,0.60,0.55,0.65,0.45,1,0.73,0,Wednesday,12:00,90,0,0.63,0.82,0.77,0.98,0.51,0.42,0
350,2,2,2026-02-09,3.20,70,t,f,0.50,0.60,0.55,0.65,0.45,4,0.55,0,Tuesday,10:15,90,0,0.80,0.51,0.83,0.88,0.34,0.85,1
351,2,1,2026-03-11,3.20,70,t,f,0.50,0.60,0.55,0.65,0.45,3,0.63,0,Monday,08:30,90,1,0.89,0.53,0.77,0.58,0.51,0.43,0
352,3,3,2026-02-22,4.50,20,f,t,0.90,0.85,0.20,0.25,0.70,3,0.52,0,Wednesday,12:00,90,0,0.85,0.59,0.48,0.45,0.74,0.55,1
353,3,2,2026-03-29,4.50,20,f,t,0.90,0.85,0.20,0.25,0.70,0,0.99,0,Tuesday,10:15,90,0,0.54,0.93,0.48,0.38,0.52,0.43,1
354,3,1,2026-02-12,4.50,20,f,t,0.90,0.85,0.20,0.25,0.70,4,0.77,0,Monday,08:30,90,1,0.89,0.61,0.58,0.32,0.56,0.96,1
355,4,3,2026-03-05,2.90,90,t,f,0.40,0.50,0.70,0.80,0.35,0,0.78,0,Wednesday,12:00,90,0,0.65,0.52,0.62,0.49,0.02,0.58,1
356,4,2,2026-03-11,2.90,90,t,f,0.40,0.50,0.70,0.80,0.35,0,0.85,0,Tuesday,10:15,90,0,0.86,0.94,0.69,0.67,0.33,0.54,1
357,4,1,2026-02-13,2.90,90,t,f,0.40,0.50,0.70,0.80,0.35,4,0.55,0,Monday,08:30,90,1,0.79,0.97,0.48,0.37,0.32,0.89,0
358,5,3,2026-02-07,4.20,30,f,t,0.85,0.90,0.30,0.20,0.65,3,0.67,0,Wednesday,12:00,90,0,0.71,0.74,0.43,0.37,0.68,0.91,1
359,5,2,2026-03-09,4.20,30,f,t,0.85,0.90,0.30,0.20,0.65,1,0.99,0,Tuesday,10:15,90,0,0.51,0.50,0.53,0.73,0.12,0.92,1
360,5,1,2026-03-01,4.20,30,f,t,0.85,0.90,0.30,0.20,0.65,4,0.51,0,Monday,08:30,90,1,0.73,0.71,0.51,0.58,0.17,0.59,0
361,1,3,2026-03-10,3.80,40,f,t,0.75,0.80,0.40,0.30,0.60,2,0.56,1,Wednesday,12:00,90,0,0.59,0.55,0.73,0.88,0.69,0.46,1
362,1,2,2026-02-03,3.80,40,f,t,0.75,0.80,0.40,0.30,0.60,4,0.97,0,Tuesday,10:15,90,0,0.73,0.52,0.63,0.90,0.73,0.88,1
363,1,1,2026-03-01,3.80,40,f,t,0.75,0.80,0.40,0.30,0.60,3,0.77,0,Monday,08:30,90,1,0.76,0.63,0.80,0.31,0.42,0.97,1
364,2,3,2026-02-25,3.20,70,t,f,0.50,0.60,0.55,0.65,0.45,2,0.41,0,Wednesday,12:00,90,0,0.54,0.82,0.77,0.98,0.51,0.42,0
365,2,2,2026-03-04,3.20,70,t,f,0.50,0.60,0.55,0.65,0.45,1,0.69,0,Tuesday,10:15,90,0,0.85,0.51,0.83,0.88,0.34,0.85,1
366,2,1,2026-03-26,3.20,70,t,f,0.50,0.60,0.55,0.65,0.45,1,0.66,0,Monday,08:30,90,1,0.60,0.53,0.77,0.58,0.51,0.43,0
367,3,3,2026-02-06,4.50,20,f,t,0.90,0.85,0.20,0.25,0.70,3,0.47,0,Wednesday,12:00,90,0,0.81,0.59,0.48,0.45,0.74,0.55,1
368,3,2,2026-02-06,4.50,20,f,t,0.90,0.85,0.20,0.25,0.70,3,0.95,0,Tuesday,10:15,90,0,0.60,0.93,0.48,0.38,0.52,0.43,1
369,3,1,2026-03-02,4.50,20,f,t,0.90,0.85,0.20,0.25,0.70,2,0.47,0,Monday,08:30,90,1,0.77,0.61,0.58,0.32,0.56,0.96,1
370,4,3,2026-02-21,2.90,90,t,f,0.40,0.50,0.70,0.80,0.35,5,0.82,1,Wednesday,12:00,90,0,0.80,0.52,0.62,0.49,0.02,0.58,1
371,4,2,2026-03-05,2.90,90,t,f,0.40,0.50,0.70,0.80,0.35,4,0.59,0,Tuesday,10:15,90,0,0.62,0.94,0.69,0.67,0.33,0.54,1
372,4,1,2026-03-31,2.90,90,t,f,0.40,0.50,0.70,0.80,0.35,4,0.45,0,Monday,08:30,90,1,0.60,0.97,0.48,0.37,0.32,0.89,1
373,5,3,2026-03-05,4.20,30,f,t,0.85,0.90,0.30,0.20,0.65,1,0.46,1,Wednesday,12:00,90,0,0.77,0.74,0.43,0.37,0.68,0.91,1
374,5,2,2026-03-22,4.20,30,f,t,0.85,0.90,0.30,0.20,0.65,5,0.85,1,Tuesday,10:15,90,0,0.58,0.50,0.53,0.73,0.12,0.92,1
375,5,1,2026-03-10,4.20,30,f,t,0.85,0.90,0.30,0.20,0.65,5,0.70,0,Monday,08:30,90,1,0.68,0.71,0.51,0.58,0.17,0.59,1
376,1,3,2026-02-25,3.80,40,f,t,0.75,0.80,0.40,0.30,0.60,3,0.50,1,Wednesday,12:00,90,0,0.73,0.55,0.73,0.88,0.69,0.46,1
377,1,2,2026-02-06,3.80,40,f,t,0.75,0.80,0.40,0.30,0.60,1,0.82,0,Tuesday,10:15,90,0,0.85,0.52,0.63,0.90,0.73,0.88,1
378,1,1,2026-02-01,3.80,40,f,t,0.75,0.80,0.40,0.30,0.60,2,0.50,0,Monday,08:30,90,1,0.85,0.63,0.80,0.31,0.42,0.97,0
379,2,3,2026-03-09,3.20,70,t,f,0.50,0.60,0.55,0.65,0.45,4,1.00,1,Wednesday,12:00,90,0,0.58,0.82,0.77,0.98,0.51,0.42,0
380,2,2,2026-03-10,3.20,70,t,f,0.50,0.60,0.55,0.65,0.45,3,0.61,0,Tuesday,10:15,90,0,0.67,0.51,0.83,0.88,0.34,0.85,0
381,2,1,2026-02-05,3.20,70,t,f,0.50,0.60,0.55,0.65,0.45,3,0.48,0,Monday,08:30,90,1,0.79,0.53,0.77,0.58,0.51,0.43,0
382,3,3,2026-04-01,4.50,20,f,t,0.90,0.85,0.20,0.25,0.70,4,0.85,1,Wednesday,12:00,90,0,0.65,0.59,0.48,0.45,0.74,0.55,1
383,3,2,2026-03-12,4.50,20,f,t,0.90,0.85,0.20,0.25,0.70,4,0.77,0,Tuesday,10:15,90,0,0.60,0.93,0.48,0.38,0.52,0.43,1
384,3,1,2026-02-24,4.50,20,f,t,0.90,0.85,0.20,0.25,0.70,0,0.69,0,Monday,08:30,90,1,0.76,0.61,0.58,0.32,0.56,0.96,1
385,4,3,2026-03-13,2.90,90,t,f,0.40,0.50,0.70,0.80,0.35,1,0.78,0,Wednesday,12:00,90,0,0.60,0.52,0.62,0.49,0.02,0.58,0
386,4,2,2026-03-19,2.90,90,t,f,0.40,0.50,0.70,0.80,0.35,2,0.76,0,Tuesday,10:15,90,0,0.54,0.94,0.69,0.67,0.33,0.54,1
387,4,1,2026-03-03,2.90,90,t,f,0.40,0.50,0.70,0.80,0.35,1,0.75,1,Monday,08:30,90,1,0.63,0.97,0.48,0.37,0.32,0.89,0
388,5,3,2026-02-25,4.20,30,f,t,0.85,0.90,0.30,0.20,0.65,0,0.54,0,Wednesday,12:00,90,0,0.86,0.74,0.43,0.37,0.68,0.91,1
389,5,2,2026-03-26,4.20,30,f,t,0.85,0.90,0.30,0.20,0.65,3,0.55,1,Tuesday,10:15,90,0,0.71,0.50,0.53,0.73,0.12,0.92,1
390,5,1,2026-03-16,4.20,30,f,t,0.85,0.90,0.30,0.20,0.65,1,0.55,0,Monday,08:30,90,1,0.82,0.71,0.51,0.58,0.17,0.59,1
391,1,3,2026-03-25,3.80,40,f,t,0.75,0.80,0.40,0.30,0.60,5,0.83,0,Wednesday,12:00,90,0,0.52,0.55,0.73,0.88,0.69,0.46,1
392,1,2,2026-03-08,3.80,40,f,t,0.75,0.80,0.40,0.30,0.60,4,0.53,1,Tuesday,10:15,90,0,0.62,0.52,0.63,0.90,0.73,0.88,1
393,1,1,2026-02-25,3.80,40,f,t,0.75,0.80,0.40,0.30,0.60,3,0.99,1,Monday,08:30,90,1,0.62,0.63,0.80,0.31,0.42,0.97,0
394,2,3,2026-03-17,3.20,70,t,f,0.50,0.60,0.55,0.65,0.45,2,0.83,0,Wednesday,12:00,90,0,0.57,0.82,0.77,0.98,0.51,0.42,1
395,2,2,2026-03-12,3.20,70,t,f,0.50,0.60,0.55,0.65,0.45,4,0.52,0,Tuesday,10:15,90,0,0.87,0.51,0.83,0.88,0.34,0.85,1
396,2,1,2026-02-03,3.20,70,t,f,0.50,0.60,0.55,0.65,0.45,5,0.47,1,Monday,08:30,90,1,0.77,0.53,0.77,0.58,0.51,0.43,1
397,3,3,2026-03-11,4.50,20,f,t,0.90,0.85,0.20,0.25,0.70,2,0.81,1,Wednesday,12:00,90,0,0.75,0.59,0.48,0.45,0.74,0.55,1
398,3,2,2026-02-10,4.50,20,f,t,0.90,0.85,0.20,0.25,0.70,2,0.85,1,Tuesday,10:15,90,0,0.67,0.93,0.48,0.38,0.52,0.43,1
399,3,1,2026-02-09,4.50,20,f,t,0.90,0.85,0.20,0.25,0.70,4,0.61,1,Monday,08:30,90,1,0.85,0.61,0.58,0.32,0.56,0.96,1
400,4,3,2026-03-16,2.90,90,t,f,0.40,0.50,0.70,0.80,0.35,4,0.74,0,Wednesday,12:00,90,0,0.82,0.52,0.62,0.49,0.02,0.58,0
401,4,2,2026-03-24,2.90,90,t,f,0.40,0.50,0.70,0.80,0.35,1,0.72,1,Tuesday,10:15,90,0,0.54,0.94,0.69,0.67,0.33,0.54,1
402,4,1,2026-02-09,2.90,90,t,f,0.40,0.50,0.70,0.80,0.35,2,0.95,0,Monday,08:30,90,1,0.76,0.97,0.48,0.37,0.32,0.89,0
403,5,3,2026-02-24,4.20,30,f,t,0.85,0.90,0.30,0.20,0.65,4,0.81,0,Wednesday,12:00,90,0,0.68,0.74,0.43,0.37,0.68,0.91,0
404,5,2,2026-03-22,4.20,30,f,t,0.85,0.90,0.30,0.20,0.65,4,0.45,1,Tuesday,10:15,90,0,0.53,0.50,0.53,0.73,0.12,0.92,1
405,5,1,2026-02-05,4.20,30,f,t,0.85,0.90,0.30,0.20,0.65,2,0.75,0,Monday,08:30,90,1,0.80,0.71,0.51,0.58,0.17,0.59,0
406,1,3,2026-02-19,3.80,40,f,t,0.75,0.80,0.40,0.30,0.60,2,0.93,0,Wednesday,12:00,90,0,0.58,0.55,0.73,0.88,0.69,0.46,1
407,1,2,2026-02-11,3.80,40,f,t,0.75,0.80,0.40,0.30,0.60,1,0.40,1,Tuesday,10:15,90,0,0.66,0.52,0.63,0.90,0.73,0.88,1
408,1,1,2026-03-24,3.80,40,f,t,0.75,0.80,0.40,0.30,0.60,2,0.70,0,Monday,08:30,90,1,0.79,0.63,0.80,0.31,0.42,0.97,1
409,2,3,2026-03-20,3.20,70,t,f,0.50,0.60,0.55,0.65,0.45,2,0.46,0,Wednesday,12:00,90,0,0.67,0.82,0.77,0.98,0.51,0.42,1
410,2,2,2026-03-19,3.20,70,t,f,0.50,0.60,0.55,0.65,0.45,2,0.52,0,Tuesday,10:15,90,0,0.53,0.51,0.83,0.88,0.34,0.85,0
411,2,1,2026-02-22,3.20,70,t,f,0.50,0.60,0.55,0.65,0.45,2,0.54,0,Monday,08:30,90,1,0.57,0.53,0.77,0.58,0.51,0.43,0
412,3,3,2026-04-02,4.50,20,f,t,0.90,0.85,0.20,0.25,0.70,3,0.48,0,Wednesday,12:00,90,0,0.78,0.59,0.48,0.45,0.74,0.55,1
413,3,2,2026-02-04,4.50,20,f,t,0.90,0.85,0.20,0.25,0.70,2,0.82,0,Tuesday,10:15,90,0,0.56,0.93,0.48,0.38,0.52,0.43,1
414,3,1,2026-02-05,4.50,20,f,t,0.90,0.85,0.20,0.25,0.70,2,0.66,0,Monday,08:30,90,1,0.66,0.61,0.58,0.32,0.56,0.96,1
415,4,3,2026-02-25,2.90,90,t,f,0.40,0.50,0.70,0.80,0.35,0,0.92,0,Wednesday,12:00,90,0,0.52,0.52,0.62,0.49,0.02,0.58,0
416,4,2,2026-03-06,2.90,90,t,f,0.40,0.50,0.70,0.80,0.35,2,0.86,0,Tuesday,10:15,90,0,0.63,0.94,0.69,0.67,0.33,0.54,1
417,4,1,2026-02-04,2.90,90,t,f,0.40,0.50,0.70,0.80,0.35,0,0.98,0,Monday,08:30,90,1,0.62,0.97,0.48,0.37,0.32,0.89,0
418,5,3,2026-02-26,4.20,30,f,t,0.85,0.90,0.30,0.20,0.65,2,0.50,1,Wednesday,12:00,90,0,0.73,0.74,0.43,0.37,0.68,0.91,1
419,5,2,2026-02-19,4.20,30,f,t,0.85,0.90,0.30,0.20,0.65,1,0.77,1,Tuesday,10:15,90,0,0.60,0.50,0.53,0.73,0.12,0.92,1
420,5,1,2026-03-29,4.20,30,f,t,0.85,0.90,0.30,0.20,0.65,3,0.47,1,Monday,08:30,90,1,0.84,0.71,0.51,0.58,0.17,0.59,1
421,1,3,2026-02-19,3.80,40,f,t,0.75,0.80,0.40,0.30,0.60,2,0.70,0,Wednesday,12:00,90,0,0.74,0.55,0.73,0.88,0.69,0.46,1
422,1,2,2026-03-06,3.80,40,f,t,0.75,0.80,0.40,0.30,0.60,3,0.89,0,Tuesday,10:15,90,0,0.79,0.52,0.63,0.90,0.73,0.88,1
423,1,1,2026-02-13,3.80,40,f,t,0.75,0.80,0.40,0.30,0.60,1,0.71,0,Monday,08:30,90,1,0.78,0.63,0.80,0.31,0.42,0.97,1
424,2,3,2026-02-21,3.20,70,t,f,0.50,0.60,0.55,0.65,0.45,2,0.43,0,Wednesday,12:00,90,0,0.65,0.82,0.77,0.98,0.51,0.42,1
425,2,2,2026-03-13,3.20,70,t,f,0.50,0.60,0.55,0.65,0.45,3,0.50,0,Tuesday,10:15,90,0,0.83,0.51,0.83,0.88,0.34,0.85,0
426,2,1,2026-03-06,3.20,70,t,f,0.50,0.60,0.55,0.65,0.45,2,0.50,0,Monday,08:30,90,1,0.58,0.53,0.77,0.58,0.51,0.43,0
427,3,3,2026-03-19,4.50,20,f,t,0.90,0.85,0.20,0.25,0.70,0,0.69,0,Wednesday,12:00,90,0,0.75,0.59,0.48,0.45,0.74,0.55,1
428,3,2,2026-02-23,4.50,20,f,t,0.90,0.85,0.20,0.25,0.70,3,0.98,1,Tuesday,10:15,90,0,0.53,0.93,0.48,0.38,0.52,0.43,0
429,3,1,2026-02-26,4.50,20,f,t,0.90,0.85,0.20,0.25,0.70,4,0.91,0,Monday,08:30,90,1,0.77,0.61,0.58,0.32,0.56,0.96,0
430,4,3,2026-02-20,2.90,90,t,f,0.40,0.50,0.70,0.80,0.35,1,0.51,1,Wednesday,12:00,90,0,0.52,0.52,0.62,0.49,0.02,0.58,1
431,4,2,2026-04-01,2.90,90,t,f,0.40,0.50,0.70,0.80,0.35,2,0.45,0,Tuesday,10:15,90,0,0.75,0.94,0.69,0.67,0.33,0.54,1
432,4,1,2026-02-10,2.90,90,t,f,0.40,0.50,0.70,0.80,0.35,3,0.65,1,Monday,08:30,90,1,0.88,0.97,0.48,0.37,0.32,0.89,0
433,5,3,2026-02-15,4.20,30,f,t,0.85,0.90,0.30,0.20,0.65,3,0.90,1,Wednesday,12:00,90,0,0.90,0.74,0.43,0.37,0.68,0.91,1
434,5,2,2026-03-04,4.20,30,f,t,0.85,0.90,0.30,0.20,0.65,3,0.48,1,Tuesday,10:15,90,0,0.89,0.50,0.53,0.73,0.12,0.92,1
435,5,1,2026-02-21,4.20,30,f,t,0.85,0.90,0.30,0.20,0.65,2,0.60,0,Monday,08:30,90,1,0.72,0.71,0.51,0.58,0.17,0.59,1
436,1,3,2026-03-05,3.80,40,f,t,0.75,0.80,0.40,0.30,0.60,0,0.86,0,Wednesday,12:00,90,0,0.52,0.55,0.73,0.88,0.69,0.46,1
437,1,2,2026-03-01,3.80,40,f,t,0.75,0.80,0.40,0.30,0.60,4,0.72,0,Tuesday,10:15,90,0,0.68,0.52,0.63,0.90,0.73,0.88,1
438,1,1,2026-03-27,3.80,40,f,t,0.75,0.80,0.40,0.30,0.60,4,0.73,0,Monday,08:30,90,1,0.89,0.63,0.80,0.31,0.42,0.97,0
439,2,3,2026-02-04,3.20,70,t,f,0.50,0.60,0.55,0.65,0.45,5,0.42,0,Wednesday,12:00,90,0,0.69,0.82,0.77,0.98,0.51,0.42,0
440,2,2,2026-03-16,3.20,70,t,f,0.50,0.60,0.55,0.65,0.45,2,0.69,0,Tuesday,10:15,90,0,0.66,0.51,0.83,0.88,0.34,0.85,1
441,2,1,2026-02-18,3.20,70,t,f,0.50,0.60,0.55,0.65,0.45,3,0.45,1,Monday,08:30,90,1,0.62,0.53,0.77,0.58,0.51,0.43,1
442,3,3,2026-02-25,4.50,20,f,t,0.90,0.85,0.20,0.25,0.70,2,0.56,1,Wednesday,12:00,90,0,0.78,0.59,0.48,0.45,0.74,0.55,1
443,3,2,2026-03-21,4.50,20,f,t,0.90,0.85,0.20,0.25,0.70,1,0.58,0,Tuesday,10:15,90,0,0.52,0.93,0.48,0.38,0.52,0.43,1
444,3,1,2026-03-26,4.50,20,f,t,0.90,0.85,0.20,0.25,0.70,0,0.70,0,Monday,08:30,90,1,0.68,0.61,0.58,0.32,0.56,0.96,1
445,4,3,2026-02-28,2.90,90,t,f,0.40,0.50,0.70,0.80,0.35,3,0.91,0,Wednesday,12:00,90,0,0.79,0.52,0.62,0.49,0.02,0.58,1
446,4,2,2026-02-11,2.90,90,t,f,0.40,0.50,0.70,0.80,0.35,2,0.88,0,Tuesday,10:15,90,0,0.86,0.94,0.69,0.67,0.33,0.54,0
447,4,1,2026-03-29,2.90,90,t,f,0.40,0.50,0.70,0.80,0.35,0,0.62,1,Monday,08:30,90,1,0.73,0.97,0.48,0.37,0.32,0.89,0
448,5,3,2026-03-28,4.20,30,f,t,0.85,0.90,0.30,0.20,0.65,3,0.56,1,Wednesday,12:00,90,0,0.82,0.74,0.43,0.37,0.68,0.91,1
449,5,2,2026-03-19,4.20,30,f,t,0.85,0.90,0.30,0.20,0.65,2,0.48,1,Tuesday,10:15,90,0,0.69,0.50,0.53,0.73,0.12,0.92,1
450,5,1,2026-03-12,4.20,30,f,t,0.85,0.90,0.30,0.20,0.65,1,0.97,1,Monday,08:30,90,1,0.70,0.71,0.51,0.58,0.17,0.59,1
451,1,3,2026-03-08,3.80,40,f,t,0.75,0.80,0.40,0.30,0.60,2,0.83,1,Wednesday,12:00,90,0,0.51,0.55,0.73,0.88,0.69,0.46,1
452,1,2,2026-03-20,3.80,40,f,t,0.75,0.80,0.40,0.30,0.60,4,0.90,1,Tuesday,10:15,90,0,0.86,0.52,0.63,0.90,0.73,0.88,1
453,1,1,2026-02-15,3.80,40,f,t,0.75,0.80,0.40,0.30,0.60,4,0.68,0,Monday,08:30,90,1,0.70,0.63,0.80,0.31,0.42,0.97,1
454,2,3,2026-03-21,3.20,70,t,f,0.50,0.60,0.55,0.65,0.45,4,0.86,1,Wednesday,12:00,90,0,0.57,0.82,0.77,0.98,0.51,0.42,0
455,2,2,2026-03-30,3.20,70,t,f,0.50,0.60,0.55,0.65,0.45,3,0.75,1,Tuesday,10:15,90,0,0.72,0.51,0.83,0.88,0.34,0.85,1
456,2,1,2026-03-06,3.20,70,t,f,0.50,0.60,0.55,0.65,0.45,5,0.73,0,Monday,08:30,90,1,0.76,0.53,0.77,0.58,0.51,0.43,0
457,3,3,2026-02-17,4.50,20,f,t,0.90,0.85,0.20,0.25,0.70,3,0.81,1,Wednesday,12:00,90,0,0.63,0.59,0.48,0.45,0.74,0.55,1
458,3,2,2026-03-30,4.50,20,f,t,0.90,0.85,0.20,0.25,0.70,4,0.69,0,Tuesday,10:15,90,0,0.64,0.93,0.48,0.38,0.52,0.43,1
459,3,1,2026-02-23,4.50,20,f,t,0.90,0.85,0.20,0.25,0.70,5,0.74,0,Monday,08:30,90,1,0.83,0.61,0.58,0.32,0.56,0.96,1
460,4,3,2026-03-21,2.90,90,t,f,0.40,0.50,0.70,0.80,0.35,0,0.81,0,Wednesday,12:00,90,0,0.62,0.52,0.62,0.49,0.02,0.58,0
461,4,2,2026-03-26,2.90,90,t,f,0.40,0.50,0.70,0.80,0.35,5,0.85,0,Tuesday,10:15,90,0,0.84,0.94,0.69,0.67,0.33,0.54,1
462,4,1,2026-04-02,2.90,90,t,f,0.40,0.50,0.70,0.80,0.35,3,0.69,0,Monday,08:30,90,1,0.57,0.97,0.48,0.37,0.32,0.89,0
463,5,3,2026-03-21,4.20,30,f,t,0.85,0.90,0.30,0.20,0.65,2,0.91,0,Wednesday,12:00,90,0,0.50,0.74,0.43,0.37,0.68,0.91,1
464,5,2,2026-03-19,4.20,30,f,t,0.85,0.90,0.30,0.20,0.65,1,0.46,1,Tuesday,10:15,90,0,0.57,0.50,0.53,0.73,0.12,0.92,1
465,5,1,2026-02-21,4.20,30,f,t,0.85,0.90,0.30,0.20,0.65,4,0.55,0,Monday,08:30,90,1,0.66,0.71,0.51,0.58,0.17,0.59,1
466,1,3,2026-03-30,3.80,40,f,t,0.75,0.80,0.40,0.30,0.60,3,0.71,0,Wednesday,12:00,90,0,0.50,0.55,0.73,0.88,0.69,0.46,1
467,1,2,2026-03-08,3.80,40,f,t,0.75,0.80,0.40,0.30,0.60,2,0.68,0,Tuesday,10:15,90,0,0.54,0.52,0.63,0.90,0.73,0.88,1
468,1,1,2026-02-09,3.80,40,f,t,0.75,0.80,0.40,0.30,0.60,2,0.94,0,Monday,08:30,90,1,0.86,0.63,0.80,0.31,0.42,0.97,1
469,2,3,2026-03-02,3.20,70,t,f,0.50,0.60,0.55,0.65,0.45,3,0.72,0,Wednesday,12:00,90,0,0.83,0.82,0.77,0.98,0.51,0.42,1
470,2,2,2026-02-02,3.20,70,t,f,0.50,0.60,0.55,0.65,0.45,2,0.94,0,Tuesday,10:15,90,0,0.74,0.51,0.83,0.88,0.34,0.85,1
471,2,1,2026-02-24,3.20,70,t,f,0.50,0.60,0.55,0.65,0.45,1,0.84,0,Monday,08:30,90,1,0.81,0.53,0.77,0.58,0.51,0.43,0
472,3,3,2026-04-01,4.50,20,f,t,0.90,0.85,0.20,0.25,0.70,2,0.44,0,Wednesday,12:00,90,0,0.61,0.59,0.48,0.45,0.74,0.55,1
473,3,2,2026-02-19,4.50,20,f,t,0.90,0.85,0.20,0.25,0.70,4,0.57,0,Tuesday,10:15,90,0,0.63,0.93,0.48,0.38,0.52,0.43,1
474,3,1,2026-03-28,4.50,20,f,t,0.90,0.85,0.20,0.25,0.70,4,0.96,0,Monday,08:30,90,1,0.77,0.61,0.58,0.32,0.56,0.96,1
475,4,3,2026-02-08,2.90,90,t,f,0.40,0.50,0.70,0.80,0.35,2,0.52,0,Wednesday,12:00,90,0,0.53,0.52,0.62,0.49,0.02,0.58,0
476,4,2,2026-03-28,2.90,90,t,f,0.40,0.50,0.70,0.80,0.35,0,0.69,0,Tuesday,10:15,90,0,0.62,0.94,0.69,0.67,0.33,0.54,1
477,4,1,2026-03-07,2.90,90,t,f,0.40,0.50,0.70,0.80,0.35,0,0.65,0,Monday,08:30,90,1,0.57,0.97,0.48,0.37,0.32,0.89,1
478,5,3,2026-03-08,4.20,30,f,t,0.85,0.90,0.30,0.20,0.65,1,0.45,0,Wednesday,12:00,90,0,0.77,0.74,0.43,0.37,0.68,0.91,1
479,5,2,2026-03-08,4.20,30,f,t,0.85,0.90,0.30,0.20,0.65,2,0.91,0,Tuesday,10:15,90,0,0.81,0.50,0.53,0.73,0.12,0.92,1
480,5,1,2026-03-14,4.20,30,f,t,0.85,0.90,0.30,0.20,0.65,4,0.62,1,Monday,08:30,90,1,0.72,0.71,0.51,0.58,0.17,0.59,1
481,1,3,2026-03-15,3.80,40,f,t,0.75,0.80,0.40,0.30,0.60,3,0.55,0,Wednesday,12:00,90,0,0.62,0.55,0.73,0.88,0.69,0.46,1
482,1,2,2026-03-07,3.80,40,f,t,0.75,0.80,0.40,0.30,0.60,5,0.63,1,Tuesday,10:15,90,0,0.54,0.52,0.63,0.90,0.73,0.88,0
483,1,1,2026-03-24,3.80,40,f,t,0.75,0.80,0.40,0.30,0.60,0,0.67,0,Monday,08:30,90,1,0.65,0.63,0.80,0.31,0.42,0.97,1
484,2,3,2026-03-16,3.20,70,t,f,0.50,0.60,0.55,0.65,0.45,2,0.47,0,Wednesday,12:00,90,0,0.85,0.82,0.77,0.98,0.51,0.42,0
485,2,2,2026-02-24,3.20,70,t,f,0.50,0.60,0.55,0.65,0.45,1,1.00,1,Tuesday,10:15,90,0,0.68,0.51,0.83,0.88,0.34,0.85,1
486,2,1,2026-03-25,3.20,70,t,f,0.50,0.60,0.55,0.65,0.45,4,0.67,0,Monday,08:30,90,1,0.73,0.53,0.77,0.58,0.51,0.43,1
487,3,3,2026-02-23,4.50,20,f,t,0.90,0.85,0.20,0.25,0.70,0,0.96,0,Wednesday,12:00,90,0,0.51,0.59,0.48,0.45,0.74,0.55,1
488,3,2,2026-03-04,4.50,20,f,t,0.90,0.85,0.20,0.25,0.70,3,0.67,0,Tuesday,10:15,90,0,0.72,0.93,0.48,0.38,0.52,0.43,1
489,3,1,2026-03-14,4.50,20,f,t,0.90,0.85,0.20,0.25,0.70,3,0.79,0,Monday,08:30,90,1,0.59,0.61,0.58,0.32,0.56,0.96,1
490,4,3,2026-03-03,2.90,90,t,f,0.40,0.50,0.70,0.80,0.35,3,0.64,0,Wednesday,12:00,90,0,0.70,0.52,0.62,0.49,0.02,0.58,1
491,4,2,2026-03-29,2.90,90,t,f,0.40,0.50,0.70,0.80,0.35,2,0.85,0,Tuesday,10:15,90,0,0.64,0.94,0.69,0.67,0.33,0.54,1
492,4,1,2026-02-12,2.90,90,t,f,0.40,0.50,0.70,0.80,0.35,2,0.61,0,Monday,08:30,90,1,0.68,0.97,0.48,0.37,0.32,0.89,0
493,5,3,2026-03-12,4.20,30,f,t,0.85,0.90,0.30,0.20,0.65,4,0.98,1,Wednesday,12:00,90,0,0.58,0.74,0.43,0.37,0.68,0.91,1
494,5,2,2026-03-02,4.20,30,f,t,0.85,0.90,0.30,0.20,0.65,1,0.47,0,Tuesday,10:15,90,0,0.56,0.50,0.53,0.73,0.12,0.92,1
495,5,1,2026-02-02,4.20,30,f,t,0.85,0.90,0.30,0.20,0.65,5,0.48,0,Monday,08:30,90,1,0.54,0.71,0.51,0.58,0.17,0.59,1
496,1,3,2026-03-30,3.80,40,f,t,0.75,0.80,0.40,0.30,0.60,4,0.42,0,Wednesday,12:00,90,0,0.51,0.55,0.73,0.88,0.69,0.46,1
497,1,2,2026-03-15,3.80,40,f,t,0.75,0.80,0.40,0.30,0.60,2,0.57,0,Tuesday,10:15,90,0,0.85,0.52,0.63,0.90,0.73,0.88,1
498,1,1,2026-03-03,3.80,40,f,t,0.75,0.80,0.40,0.30,0.60,2,0.87,0,Monday,08:30,90,1,0.64,0.63,0.80,0.31,0.42,0.97,1
499,2,3,2026-02-28,3.20,70,t,f,0.50,0.60,0.55,0.65,0.45,0,0.77,1,Wednesday,12:00,90,0,0.54,0.82,0.77,0.98,0.51,0.42,0
500,2,2,2026-03-20,3.20,70,t,f,0.50,0.60,0.55,0.65,0.45,3,0.80,1,Tuesday,10:15,90,0,0.90,0.51,0.83,0.88,0.34,0.85,1
501,2,1,2026-02-03,3.20,70,t,f,0.50,0.60,0.55,0.65,0.45,5,0.76,0,Monday,08:30,90,1,0.81,0.53,0.77,0.58,0.51,0.43,0
502,3,3,2026-02-04,4.50,20,f,t,0.90,0.85,0.20,0.25,0.70,4,0.80,0,Wednesday,12:00,90,0,0.53,0.59,0.48,0.45,0.74,0.55,1
503,3,2,2026-02-15,4.50,20,f,t,0.90,0.85,0.20,0.25,0.70,2,0.84,0,Tuesday,10:15,90,0,0.61,0.93,0.48,0.38,0.52,0.43,1
504,3,1,2026-02-10,4.50,20,f,t,0.90,0.85,0.20,0.25,0.70,5,0.51,0,Monday,08:30,90,1,0.54,0.61,0.58,0.32,0.56,0.96,1
505,4,3,2026-03-01,2.90,90,t,f,0.40,0.50,0.70,0.80,0.35,2,0.70,0,Wednesday,12:00,90,0,0.77,0.52,0.62,0.49,0.02,0.58,0
506,4,2,2026-03-24,2.90,90,t,f,0.40,0.50,0.70,0.80,0.35,3,0.69,0,Tuesday,10:15,90,0,0.81,0.94,0.69,0.67,0.33,0.54,0
507,4,1,2026-02-20,2.90,90,t,f,0.40,0.50,0.70,0.80,0.35,5,0.57,1,Monday,08:30,90,1,0.71,0.97,0.48,0.37,0.32,0.89,0
508,5,3,2026-02-04,4.20,30,f,t,0.85,0.90,0.30,0.20,0.65,1,0.41,0,Wednesday,12:00,90,0,0.76,0.74,0.43,0.37,0.68,0.91,1
509,5,2,2026-02-06,4.20,30,f,t,0.85,0.90,0.30,0.20,0.65,0,0.48,0,Tuesday,10:15,90,0,0.72,0.50,0.53,0.73,0.12,0.92,1
510,5,1,2026-03-25,4.20,30,f,t,0.85,0.90,0.30,0.20,0.65,4,0.68,0,Monday,08:30,90,1,0.86,0.71,0.51,0.58,0.17,0.59,1
511,1,3,2026-02-12,3.80,40,f,t,0.75,0.80,0.40,0.30,0.60,1,0.55,0,Wednesday,12:00,90,0,0.88,0.55,0.73,0.88,0.69,0.46,1
512,1,2,2026-03-14,3.80,40,f,t,0.75,0.80,0.40,0.30,0.60,2,0.50,0,Tuesday,10:15,90,0,0.51,0.52,0.63,0.90,0.73,0.88,1
513,1,1,2026-03-06,3.80,40,f,t,0.75,0.80,0.40,0.30,0.60,2,0.52,1,Monday,08:30,90,1,0.66,0.63,0.80,0.31,0.42,0.97,0
514,2,3,2026-02-27,3.20,70,t,f,0.50,0.60,0.55,0.65,0.45,3,0.45,0,Wednesday,12:00,90,0,0.85,0.82,0.77,0.98,0.51,0.42,0
515,2,2,2026-04-01,3.20,70,t,f,0.50,0.60,0.55,0.65,0.45,1,0.79,0,Tuesday,10:15,90,0,0.66,0.51,0.83,0.88,0.34,0.85,1
516,2,1,2026-02-12,3.20,70,t,f,0.50,0.60,0.55,0.65,0.45,5,0.47,0,Monday,08:30,90,1,0.68,0.53,0.77,0.58,0.51,0.43,0
517,3,3,2026-02-12,4.50,20,f,t,0.90,0.85,0.20,0.25,0.70,1,0.54,0,Wednesday,12:00,90,0,0.57,0.59,0.48,0.45,0.74,0.55,1
518,3,2,2026-03-11,4.50,20,f,t,0.90,0.85,0.20,0.25,0.70,4,0.60,0,Tuesday,10:15,90,0,0.68,0.93,0.48,0.38,0.52,0.43,1
519,3,1,2026-02-05,4.50,20,f,t,0.90,0.85,0.20,0.25,0.70,4,0.43,0,Monday,08:30,90,1,0.88,0.61,0.58,0.32,0.56,0.96,1
520,4,3,2026-02-10,2.90,90,t,f,0.40,0.50,0.70,0.80,0.35,1,0.64,0,Wednesday,12:00,90,0,0.83,0.52,0.62,0.49,0.02,0.58,0
521,4,2,2026-02-13,2.90,90,t,f,0.40,0.50,0.70,0.80,0.35,0,0.88,0,Tuesday,10:15,90,0,0.79,0.94,0.69,0.67,0.33,0.54,1
522,4,1,2026-03-11,2.90,90,t,f,0.40,0.50,0.70,0.80,0.35,3,0.50,0,Monday,08:30,90,1,0.87,0.97,0.48,0.37,0.32,0.89,0
523,5,3,2026-02-14,4.20,30,f,t,0.85,0.90,0.30,0.20,0.65,5,0.90,1,Wednesday,12:00,90,0,0.72,0.74,0.43,0.37,0.68,0.91,0
524,5,2,2026-02-26,4.20,30,f,t,0.85,0.90,0.30,0.20,0.65,1,0.99,1,Tuesday,10:15,90,0,0.80,0.50,0.53,0.73,0.12,0.92,1
525,5,1,2026-03-11,4.20,30,f,t,0.85,0.90,0.30,0.20,0.65,2,0.55,0,Monday,08:30,90,1,0.51,0.71,0.51,0.58,0.17,0.59,1
526,1,3,2026-02-09,3.80,40,f,t,0.75,0.80,0.40,0.30,0.60,0,0.83,0,Wednesday,12:00,90,0,0.67,0.55,0.73,0.88,0.69,0.46,1
527,1,2,2026-03-06,3.80,40,f,t,0.75,0.80,0.40,0.30,0.60,4,0.90,0,Tuesday,10:15,90,0,0.66,0.52,0.63,0.90,0.73,0.88,1
528,1,1,2026-03-02,3.80,40,f,t,0.75,0.80,0.40,0.30,0.60,5,0.47,1,Monday,08:30,90,1,0.79,0.63,0.80,0.31,0.42,0.97,1
529,2,3,2026-02-04,3.20,70,t,f,0.50,0.60,0.55,0.65,0.45,0,0.82,1,Wednesday,12:00,90,0,0.68,0.82,0.77,0.98,0.51,0.42,1
530,2,2,2026-03-15,3.20,70,t,f,0.50,0.60,0.55,0.65,0.45,1,0.42,1,Tuesday,10:15,90,0,0.65,0.51,0.83,0.88,0.34,0.85,1
531,2,1,2026-02-19,3.20,70,t,f,0.50,0.60,0.55,0.65,0.45,4,0.63,0,Monday,08:30,90,1,0.53,0.53,0.77,0.58,0.51,0.43,1
532,3,3,2026-02-17,4.50,20,f,t,0.90,0.85,0.20,0.25,0.70,1,0.56,0,Wednesday,12:00,90,0,0.87,0.59,0.48,0.45,0.74,0.55,1
533,3,2,2026-03-23,4.50,20,f,t,0.90,0.85,0.20,0.25,0.70,4,0.92,0,Tuesday,10:15,90,0,0.75,0.93,0.48,0.38,0.52,0.43,1
534,3,1,2026-02-17,4.50,20,f,t,0.90,0.85,0.20,0.25,0.70,5,0.54,0,Monday,08:30,90,1,0.86,0.61,0.58,0.32,0.56,0.96,1
535,4,3,2026-02-24,2.90,90,t,f,0.40,0.50,0.70,0.80,0.35,4,0.97,1,Wednesday,12:00,90,0,0.69,0.52,0.62,0.49,0.02,0.58,0
536,4,2,2026-02-26,2.90,90,t,f,0.40,0.50,0.70,0.80,0.35,1,0.62,0,Tuesday,10:15,90,0,0.89,0.94,0.69,0.67,0.33,0.54,1
537,4,1,2026-02-10,2.90,90,t,f,0.40,0.50,0.70,0.80,0.35,5,0.88,0,Monday,08:30,90,1,0.82,0.97,0.48,0.37,0.32,0.89,0
538,5,3,2026-02-18,4.20,30,f,t,0.85,0.90,0.30,0.20,0.65,2,0.87,0,Wednesday,12:00,90,0,0.85,0.74,0.43,0.37,0.68,0.91,1
539,5,2,2026-02-17,4.20,30,f,t,0.85,0.90,0.30,0.20,0.65,3,0.95,0,Tuesday,10:15,90,0,0.64,0.50,0.53,0.73,0.12,0.92,1
540,5,1,2026-03-31,4.20,30,f,t,0.85,0.90,0.30,0.20,0.65,4,0.93,0,Monday,08:30,90,1,0.71,0.71,0.51,0.58,0.17,0.59,1
541,1,3,2026-03-17,3.80,40,f,t,0.75,0.80,0.40,0.30,0.60,3,0.67,0,Wednesday,12:00,90,0,0.59,0.55,0.73,0.88,0.69,0.46,1
542,1,2,2026-02-15,3.80,40,f,t,0.75,0.80,0.40,0.30,0.60,0,1.00,1,Tuesday,10:15,90,0,0.87,0.52,0.63,0.90,0.73,0.88,1
543,1,1,2026-03-25,3.80,40,f,t,0.75,0.80,0.40,0.30,0.60,1,0.70,0,Monday,08:30,90,1,0.89,0.63,0.80,0.31,0.42,0.97,1
544,2,3,2026-03-04,3.20,70,t,f,0.50,0.60,0.55,0.65,0.45,3,0.46,0,Wednesday,12:00,90,0,0.64,0.82,0.77,0.98,0.51,0.42,1
545,2,2,2026-03-28,3.20,70,t,f,0.50,0.60,0.55,0.65,0.45,1,0.95,1,Tuesday,10:15,90,0,0.77,0.51,0.83,0.88,0.34,0.85,1
546,2,1,2026-03-21,3.20,70,t,f,0.50,0.60,0.55,0.65,0.45,3,0.97,0,Monday,08:30,90,1,0.67,0.53,0.77,0.58,0.51,0.43,0
547,3,3,2026-02-19,4.50,20,f,t,0.90,0.85,0.20,0.25,0.70,4,0.89,0,Wednesday,12:00,90,0,0.76,0.59,0.48,0.45,0.74,0.55,0
548,3,2,2026-03-23,4.50,20,f,t,0.90,0.85,0.20,0.25,0.70,3,0.57,0,Tuesday,10:15,90,0,0.65,0.93,0.48,0.38,0.52,0.43,1
549,3,1,2026-03-31,4.50,20,f,t,0.90,0.85,0.20,0.25,0.70,3,0.61,1,Monday,08:30,90,1,0.69,0.61,0.58,0.32,0.56,0.96,1
550,4,3,2026-02-07,2.90,90,t,f,0.40,0.50,0.70,0.80,0.35,4,0.84,0,Wednesday,12:00,90,0,0.51,0.52,0.62,0.49,0.02,0.58,1
551,4,2,2026-03-13,2.90,90,t,f,0.40,0.50,0.70,0.80,0.35,5,0.46,0,Tuesday,10:15,90,0,0.63,0.94,0.69,0.67,0.33,0.54,1
552,4,1,2026-03-21,2.90,90,t,f,0.40,0.50,0.70,0.80,0.35,4,0.41,0,Monday,08:30,90,1,0.70,0.97,0.48,0.37,0.32,0.89,1
553,5,3,2026-02-20,4.20,30,f,t,0.85,0.90,0.30,0.20,0.65,4,0.58,1,Wednesday,12:00,90,0,0.84,0.74,0.43,0.37,0.68,0.91,1
554,5,2,2026-03-05,4.20,30,f,t,0.85,0.90,0.30,0.20,0.65,3,0.55,0,Tuesday,10:15,90,0,0.60,0.50,0.53,0.73,0.12,0.92,1
555,5,1,2026-02-22,4.20,30,f,t,0.85,0.90,0.30,0.20,0.65,0,0.99,0,Monday,08:30,90,1,0.59,0.71,0.51,0.58,0.17,0.59,1
556,1,3,2026-03-13,3.80,40,f,t,0.75,0.80,0.40,0.30,0.60,1,0.79,0,Wednesday,12:00,90,0,0.58,0.55,0.73,0.88,0.69,0.46,1
557,1,2,2026-03-24,3.80,40,f,t,0.75,0.80,0.40,0.30,0.60,2,0.82,0,Tuesday,10:15,90,0,0.75,0.52,0.63,0.90,0.73,0.88,0
558,1,1,2026-02-01,3.80,40,f,t,0.75,0.80,0.40,0.30,0.60,2,0.67,0,Monday,08:30,90,1,0.77,0.63,0.80,0.31,0.42,0.97,1
559,2,3,2026-03-24,3.20,70,t,f,0.50,0.60,0.55,0.65,0.45,2,0.62,1,Wednesday,12:00,90,0,0.86,0.82,0.77,0.98,0.51,0.42,1
560,2,2,2026-02-22,3.20,70,t,f,0.50,0.60,0.55,0.65,0.45,5,0.97,0,Tuesday,10:15,90,0,0.83,0.51,0.83,0.88,0.34,0.85,0
561,2,1,2026-02-24,3.20,70,t,f,0.50,0.60,0.55,0.65,0.45,4,0.67,0,Monday,08:30,90,1,0.80,0.53,0.77,0.58,0.51,0.43,0
562,3,3,2026-03-17,4.50,20,f,t,0.90,0.85,0.20,0.25,0.70,4,0.97,1,Wednesday,12:00,90,0,0.60,0.59,0.48,0.45,0.74,0.55,1
563,3,2,2026-03-15,4.50,20,f,t,0.90,0.85,0.20,0.25,0.70,1,0.53,0,Tuesday,10:15,90,0,0.83,0.93,0.48,0.38,0.52,0.43,1
564,3,1,2026-02-15,4.50,20,f,t,0.90,0.85,0.20,0.25,0.70,3,0.50,1,Monday,08:30,90,1,0.84,0.61,0.58,0.32,0.56,0.96,1
565,4,3,2026-03-28,2.90,90,t,f,0.40,0.50,0.70,0.80,0.35,1,0.71,0,Wednesday,12:00,90,0,0.70,0.52,0.62,0.49,0.02,0.58,0
566,4,2,2026-02-12,2.90,90,t,f,0.40,0.50,0.70,0.80,0.35,1,0.52,0,Tuesday,10:15,90,0,0.83,0.94,0.69,0.67,0.33,0.54,1
567,4,1,2026-03-16,2.90,90,t,f,0.40,0.50,0.70,0.80,0.35,3,0.67,0,Monday,08:30,90,1,0.76,0.97,0.48,0.37,0.32,0.89,0
568,5,3,2026-02-14,4.20,30,f,t,0.85,0.90,0.30,0.20,0.65,2,0.59,1,Wednesday,12:00,90,0,0.74,0.74,0.43,0.37,0.68,0.91,1
569,5,2,2026-02-15,4.20,30,f,t,0.85,0.90,0.30,0.20,0.65,3,0.68,0,Tuesday,10:15,90,0,0.60,0.50,0.53,0.73,0.12,0.92,1
570,5,1,2026-03-18,4.20,30,f,t,0.85,0.90,0.30,0.20,0.65,4,0.98,0,Monday,08:30,90,1,0.82,0.71,0.51,0.58,0.17,0.59,1
571,1,3,2026-03-28,3.80,40,f,t,0.75,0.80,0.40,0.30,0.60,2,0.65,1,Wednesday,12:00,90,0,0.54,0.55,0.73,0.88,0.69,0.46,1
572,1,2,2026-03-16,3.80,40,f,t,0.75,0.80,0.40,0.30,0.60,2,0.84,0,Tuesday,10:15,90,0,0.55,0.52,0.63,0.90,0.73,0.88,1
573,1,1,2026-02-06,3.80,40,f,t,0.75,0.80,0.40,0.30,0.60,3,0.42,0,Monday,08:30,90,1,0.58,0.63,0.80,0.31,0.42,0.97,1
574,2,3,2026-02-26,3.20,70,t,f,0.50,0.60,0.55,0.65,0.45,4,0.73,0,Wednesday,12:00,90,0,0.70,0.82,0.77,0.98,0.51,0.42,1
575,2,2,2026-03-25,3.20,70,t,f,0.50,0.60,0.55,0.65,0.45,2,0.71,0,Tuesday,10:15,90,0,0.87,0.51,0.83,0.88,0.34,0.85,0
576,2,1,2026-02-26,3.20,70,t,f,0.50,0.60,0.55,0.65,0.45,2,0.85,1,Monday,08:30,90,1,0.87,0.53,0.77,0.58,0.51,0.43,0
577,3,3,2026-03-11,4.50,20,f,t,0.90,0.85,0.20,0.25,0.70,3,0.67,0,Wednesday,12:00,90,0,0.62,0.59,0.48,0.45,0.74,0.55,1
578,3,2,2026-03-08,4.50,20,f,t,0.90,0.85,0.20,0.25,0.70,0,0.54,0,Tuesday,10:15,90,0,0.82,0.93,0.48,0.38,0.52,0.43,1
579,3,1,2026-02-24,4.50,20,f,t,0.90,0.85,0.20,0.25,0.70,3,0.68,1,Monday,08:30,90,1,0.63,0.61,0.58,0.32,0.56,0.96,1
580,4,3,2026-03-25,2.90,90,t,f,0.40,0.50,0.70,0.80,0.35,2,0.93,0,Wednesday,12:00,90,0,0.69,0.52,0.62,0.49,0.02,0.58,0
581,4,2,2026-03-05,2.90,90,t,f,0.40,0.50,0.70,0.80,0.35,2,0.57,0,Tuesday,10:15,90,0,0.54,0.94,0.69,0.67,0.33,0.54,1
582,4,1,2026-02-28,2.90,90,t,f,0.40,0.50,0.70,0.80,0.35,1,0.42,0,Monday,08:30,90,1,0.84,0.97,0.48,0.37,0.32,0.89,0
583,5,3,2026-02-19,4.20,30,f,t,0.85,0.90,0.30,0.20,0.65,0,0.68,1,Wednesday,12:00,90,0,0.61,0.74,0.43,0.37,0.68,0.91,0
584,5,2,2026-03-07,4.20,30,f,t,0.85,0.90,0.30,0.20,0.65,4,0.57,0,Tuesday,10:15,90,0,0.81,0.50,0.53,0.73,0.12,0.92,1
585,5,1,2026-02-02,4.20,30,f,t,0.85,0.90,0.30,0.20,0.65,4,0.98,0,Monday,08:30,90,1,0.82,0.71,0.51,0.58,0.17,0.59,1
586,1,3,2026-02-17,3.80,40,f,t,0.75,0.80,0.40,0.30,0.60,3,0.56,0,Wednesday,12:00,90,0,0.67,0.55,0.73,0.88,0.69,0.46,1
587,1,2,2026-02-10,3.80,40,f,t,0.75,0.80,0.40,0.30,0.60,1,0.87,0,Tuesday,10:15,90,0,0.51,0.52,0.63,0.90,0.73,0.88,1
588,1,1,2026-03-18,3.80,40,f,t,0.75,0.80,0.40,0.30,0.60,2,0.83,0,Monday,08:30,90,1,0.79,0.63,0.80,0.31,0.42,0.97,0
589,2,3,2026-02-16,3.20,70,t,f,0.50,0.60,0.55,0.65,0.45,4,0.86,0,Wednesday,12:00,90,0,0.85,0.82,0.77,0.98,0.51,0.42,1
590,2,2,2026-02-26,3.20,70,t,f,0.50,0.60,0.55,0.65,0.45,0,0.96,0,Tuesday,10:15,90,0,0.79,0.51,0.83,0.88,0.34,0.85,0
591,2,1,2026-03-04,3.20,70,t,f,0.50,0.60,0.55,0.65,0.45,0,0.98,0,Monday,08:30,90,1,0.59,0.53,0.77,0.58,0.51,0.43,0
592,3,3,2026-02-16,4.50,20,f,t,0.90,0.85,0.20,0.25,0.70,4,0.75,1,Wednesday,12:00,90,0,0.54,0.59,0.48,0.45,0.74,0.55,1
593,3,2,2026-03-10,4.50,20,f,t,0.90,0.85,0.20,0.25,0.70,3,0.89,0,Tuesday,10:15,90,0,0.72,0.93,0.48,0.38,0.52,0.43,1
594,3,1,2026-03-28,4.50,20,f,t,0.90,0.85,0.20,0.25,0.70,4,0.58,0,Monday,08:30,90,1,0.76,0.61,0.58,0.32,0.56,0.96,1
595,4,3,2026-03-24,2.90,90,t,f,0.40,0.50,0.70,0.80,0.35,1,0.41,0,Wednesday,12:00,90,0,0.77,0.52,0.62,0.49,0.02,0.58,1
596,4,2,2026-02-20,2.90,90,t,f,0.40,0.50,0.70,0.80,0.35,3,0.56,1,Tuesday,10:15,90,0,0.53,0.94,0.69,0.67,0.33,0.54,0
597,4,1,2026-03-11,2.90,90,t,f,0.40,0.50,0.70,0.80,0.35,4,0.71,0,Monday,08:30,90,1,0.52,0.97,0.48,0.37,0.32,0.89,0
598,5,3,2026-02-03,4.20,30,f,t,0.85,0.90,0.30,0.20,0.65,0,0.42,1,Wednesday,12:00,90,0,0.50,0.74,0.43,0.37,0.68,0.91,1
599,5,2,2026-03-18,4.20,30,f,t,0.85,0.90,0.30,0.20,0.65,5,0.51,0,Tuesday,10:15,90,0,0.78,0.50,0.53,0.73,0.12,0.92,1
600,5,1,2026-03-20,4.20,30,f,t,0.85,0.90,0.30,0.20,0.65,2,0.89,0,Monday,08:30,90,1,0.87,0.71,0.51,0.58,0.17,0.59,0
